Date,User,Message
2022-09-29 15:34:17,"V / CV","V / CV님이 들어왔습니다.
운영정책을 위반한 메시지로 신고 접수 시 카카오톡 이용에 제한이 있을 수 있습니다."
2022-09-29 18:37:42,"딥린이/CV","딥린이/CV님이 들어왔습니다."
2022-09-29 18:48:07,"단호한 프로도","단호한 프로도님이 들어왔습니다."
2022-09-29 18:49:55,"단호한 프로도","단호한 프로도님이 나갔습니다."
2022-09-29 22:53:40,"산산/recsys","오늘도 고생많으셨습니다 "
2022-09-29 22:55:11,"하하/recsys","고생했습니다 ㅎㅎ"
2022-09-29 22:57:09,"리듬타는/CV","이모티콘"
2022-09-29 22:57:39,"퇴근하는 프로도 / cv","이모티콘"
2022-09-29 22:57:57,"어피치/cv","이거 귀엽네요 ㅋㅋㅋㅋㅋㅋ"
2022-09-29 22:58:11,"어피치/cv","numpy곤 ㅋㅋㅋㅋㅋ"
2022-09-29 22:58:21,"하용/NLP","ㅋㅋㅋㅋㅋㅋ어지럽네요"
2022-09-29 22:58:27,"하용/NLP","ㅋㅋㅋㅋㅋㅋ"
2022-09-30 00:18:56,"기뻐하는 라이언/cv","학습종료 핸드폰으로도 되나요 ? 혹시 해보신분 있는지 궁금합니다"
2022-09-30 00:37:50,"멋쟁이 프로도/CV","핸드폰으로는 버튼이 안뜰걸요?"
2022-09-30 00:41:20,"기뻐하는 라이언/cv","감사합니당"
2022-09-30 00:41:23,"어피치/cv","사진"
2022-09-30 00:41:29,"어피치/cv","데스크톱 사이트 모드로하면 뜨네요"
2022-09-30 00:41:41,"기뻐하는 라이언/cv","아이고 감사합니닼ㅋㅋ"
2022-09-30 00:41:55,"어피치/cv","넹 ㅎㅎ"
2022-09-30 00:41:58,"기뻐하는 라이언/cv","불금,,"
2022-10-01 16:03:29,"딥린이/CV","딥린이/CV님이 들어왔습니다."
2022-10-01 19:40:05,"S/CV","S/CV님이 들어왔습니다."
2022-10-03 20:28:13,"하하/recsys","저 근데 심화 과제 해설이 원래 저번주 토요일까지만 수강할 수 있었나요?"
2022-10-03 20:29:08,"하하/recsys","10월 9일까지 수강할 수 있는 줄 알았는데..."
2022-10-03 20:30:59,"즐거운 네오/CV","어떤 심화과제 해설이요??"
2022-10-03 20:32:11,"하하/recsys","지난주 심화과제요~"
2022-10-03 20:32:26,"하하/recsys","pytorch 심화과제요"
2022-10-03 20:33:58,"멋쟁이 프로도/CV","엥 일주일은 기간 주던데"
2022-10-03 20:33:59,"멋쟁이 프로도/CV","아닌가요"
2022-10-03 20:34:13,"하하/recsys","혹시 확인되시나여"
2022-10-03 20:35:05,"하하/recsys","앗!"
2022-10-03 20:35:12,"하하/recsys","제가 못 찾았네요!"
2022-10-03 20:35:15,"하하/recsys","발견했습니다!!!!"
2022-10-03 20:35:30,"하하/recsys","사진"
2022-10-03 20:35:43,"하하/recsys","Pytorch 항목으로 들어가면 나오네요"
2022-10-04 17:51:41,"./NLP","rnn 퀴즈 푸신 분 계신가요??"
2022-10-04 18:00:09,"멋쩍은 튜브/CV","Attn값 구하기요?"
2022-10-04 18:03:49,"./NLP","네"
2022-10-04 18:04:17,"멋쩍은 튜브/CV","아뇨ㅠ"
2022-10-04 18:04:37,"산산/recsys","저는 3강 듣고있어요"
2022-10-04 18:04:38,"산산/recsys","ㅜㅜ"
2022-10-04 18:04:47,"./NLP","설마 공백 이슈는 아니겠죠..."
2022-10-04 18:06:46,"멋쩍은 튜브/CV","q,k,v 없이 인코딩값만으로는 계산 못할것 같은데..."
2022-10-04 18:07:28,"./NLP","q, k, v 전부 1111 2222 1111로 보고 계산하긴 했어요"
2022-10-04 18:08:51,"멋쩍은 튜브/CV","서로 다른단어인데
같은 쿼리일수는 없을것 같아서요"
2022-10-04 18:09:42,"멋쩍은 튜브/CV","문제에 오류가 있지 않을까 싶어서 기다리고 있어요"
2022-10-04 18:09:59,"./NLP","일단 기회 두번 남아서 최대한 사릴려구요"
2022-10-04 18:10:53,"산산/recsys","3번 안에 통과 못하면 패널티가 있나요?"
2022-10-04 18:12:27,"읭읭이 CV","차피 틀려도 괜찮지 않나요?"
2022-10-04 18:14:18,"NEURIPS/NLP","틀리면"
2022-10-04 18:14:20,"NEURIPS/NLP","기분이나쁘다정도"
2022-10-04 18:15:12,"멋쩍은 튜브/CV","질의응답 게시판에 공지올라왔네요"
2022-10-04 19:09:42,"멋쩍은 튜브/CV","이거 혹시 맞추셨나요?"
2022-10-04 19:10:20,"치맥하는 제이지/cv","[숫자, 숫자, 숫자, 숫자] 형식으로 올리시면 돼요~"
2022-10-04 19:14:38,"멋쩍은 튜브/CV","계산이 틀렸나 보내요 :sweat_smile:
자꾸 틀리는거 보니~"
2022-10-05 16:20:13,"./NLP","공백이슈였네요..."
2022-10-05 17:07:56,"멋쩍은 튜브/CV","ㅠㅠ"
2022-10-05 17:19:58,"cv","rnn 퀴즈 맞추신분 있나요??"
2022-10-05 17:23:16,"./NLP","저 맞췄어요"
2022-10-05 17:33:47,"까롱까롱마까롱","저희 첫 장려금 대충 언제쯤 들어올까요.."
2022-10-05 17:34:39,"리듬타는/CV","한 1.5달 뒤에 들어오지 않을까요..."
2022-10-05 17:35:35,"NEURIPS/NLP","9월분량 11월즈음에들어올것같아요"
2022-10-05 17:36:29,"네카라쿠배/CV","돈이 없어서 치킨을 끊었습니다"
2022-10-05 17:36:55,"기뻐하는 라이언/cv","데미지가 조금 큰데요?"
2022-10-05 17:37:40,"S/CV","얼만지 혹시 아시는분?"
2022-10-05 17:38:14,"NEURIPS/NLP","20만원아닌가요?"
2022-10-05 17:38:20,"NEURIPS/NLP","그즈음이었던것같은데"
2022-10-05 17:40:06,"S/CV","글쿤여"
2022-10-05 17:41:31,"소심한 네오/CV","부스트캠퍼 가이드에 자세하게 나와있어요!"
2022-10-05 17:45:56,"말하는감자/RecSys","카드 발급 못받아서 일반으로 했는데"
2022-10-05 17:46:03,"말하는감자/RecSys","장려금 받을 시기가 되니까 살짝 아쉽네요... ㅋㅋ"
2022-10-05 18:44:33,"recsys","rnn퀴즈 [숫자,공백숫자,공백숫자,공백숫자] 인가요?"
2022-10-05 18:45:03,"./NLP"," 네 , 사이에 공백 있어야 돼요"
2022-10-05 18:45:39,"recsys","숫자가 깔끔하게 떨어지나요 ..?"
2022-10-05 18:46:04,"./NLP","x.x로 나와요"
2022-10-05 18:46:13,"recsys","아하.."
2022-10-05 18:46:17,"recsys","계산을 잘못했나봐요"
2022-10-05 18:46:19,"recsys","ㅋㅋㅋ"
2022-10-05 19:19:41,"말하는감자/RecSys","rnn 퀴즈 뭐가 문제였나 했더니"
2022-10-05 19:19:52,"말하는감자/RecSys","exp(2) = 8로 계산하라고 되어있었네요...."
2022-10-05 19:31:33,"S/CV","잘안되네요.."
2022-10-05 19:38:35,".recsys","i에 해당하는 쿼리와 모든 key 전부다 내적한뒤에 dk 제곱근으로 나누고 각각 소프트맥스, 그것들 전부 value곱한 것들을 더해서 벡터형태로!"
2022-10-05 19:41:58,"recsys","강의에 나오는 내용을 다시 천천히 복기해보세요 !"
2022-10-05 19:42:34,"말하는감자/RecSys","다들 공부는 잘 되어가시나요?"
2022-10-05 19:42:48,"산산/recsys","힘드러용"
2022-10-05 19:42:51,"산산/recsys","이모티콘"
2022-10-05 19:45:49,"헤헤헤/Recsys","개인적으로 수능 공부 했던 것보다 빡세네요.. 잘 하고 있는지 감도 안 오고"
2022-10-05 19:47:30,"트롤킹/CV","전 아예 시간에 쫒겨서 이해도 못하고 넘어가는중"
2022-10-05 19:47:38,"S/CV","감사합니다.."
2022-10-05 19:57:24,"말하는감자/RecSys","이해하고 넘어가고싶어도"
2022-10-05 19:57:35,"말하는감자/RecSys","시간이 부족해서 저도 찜찜하네요..."
2022-10-05 19:57:41,"산산/recsys","이해하느라 이제야 5강"
2022-10-05 19:57:44,"산산/recsys","다들을수있을지"
2022-10-05 19:57:56,"산산/recsys","모르겠네요ㅠ"
2022-10-05 20:03:36,"애플펜슬/cv","이번주껀 딱히 이해할건 없지 않나용"
2022-10-05 20:03:44,"애플펜슬/cv","전 이번주는 설렁설렁 그렇구나 하고 넘어가는 중이에여"
2022-10-05 20:04:57,"멋쩍은 튜브/CV","generative 잘 이해가..."
2022-10-05 20:05:18,"수학잘하고파/RecSys","9,10강 이해가 안돼네요.."
2022-10-05 20:06:28,"산산/recsys","이해할게 넘치던데요 저는 ㅜㅜ"
2022-10-05 20:06:33,"산산/recsys","옵티마이저부터 시작해서"
2022-10-05 20:06:51,"산산/recsys","힝"
2022-10-05 20:08:00,"산산/recsys","제가좀 펀데멘탈한게 부족한거같긴해요"
2022-10-05 20:11:06,"방장/CV","한 번 전체 훑어보는게 중요한것 같아요 현업에서도 어차피 다 모르고 막상 일이 주어졌을때 집중 공부할겁니다"
2022-10-05 21:12:08,"하하/recsys","방장님 궁금한데 원래 recsys로 지원하려고 하지 않았나요? 기억하기로는 그랫던 것 같아서요 ㅎㅎ"
2022-10-05 21:12:53,"하하/recsys","저는 일단 옵티머이저 건너뛰고"
2022-10-05 21:13:02,"하하/recsys","다른거부터 보는중입니다;"
2022-10-05 21:13:37,"하하/recsys","심화과제 설명이 생성 모델이라 생성을 빨리 봐야겟어요.. ㅠ"
2022-10-05 21:15:23,"에넬피 / nlp","rnn 과제 1번 해설해주실 분 계신가요 .. ?"
2022-10-05 21:33:55,"산산/recsys","엇 그러게요 방장님 recsys셨떤 거 같은데,,,"
2022-10-05 21:34:19,"말하는감자/RecSys","Rnn1번 어떤게 궁금하신가요?"
2022-10-05 21:34:21,"산산/recsys","생각은 나중에, 메모만 해놓고 넘어가야겠어요 ㅜㅜㅠ"
2022-10-05 21:35:58,"에넬피 / nlp","세번 다 틀렸는데 왜 저게 틀린 말인지 궁금합니다 …"
2022-10-05 21:39:05,"말하는감자/RecSys","output gate의 경우에는 cell state를 업데이트하지 않아요.
input gate와 forget gate를 통해 cell state가 업데이트되고
업데이트된 cell state가 연산되는게 output gate입니다!"
2022-10-05 21:56:44,"에넬피 / nlp","아아 이해되었습니다! 감사합니당"
2022-10-05 21:58:45,"말하는감자/RecSys","이모티콘"
2022-10-05 22:01:51,"NEURIPS/NLP","혹시근데 오픈톡방명 바꿔주실수있나요"
2022-10-05 22:01:57,"NEURIPS/NLP","캠츠가 너무거슬려요"
2022-10-05 22:02:02,"말하는감자/RecSys","ㅋㅋㅋㅋㅋㅋ"
2022-10-05 22:02:10,"V / CV","헉..저두요 ㅎㅎ"
2022-10-05 22:02:18,"NEURIPS/NLP","저만그런게아니었네요"
2022-10-05 22:02:21,"NEURIPS/NLP","ㅋㅋㅋㅋㅋㅋㅋㅋ"
2022-10-05 22:03:03,"하하/recsys","엌ㅋㅋ"
2022-10-05 22:03:27,"수학잘하고파/RecSys","역시 nlp ㄷㄷ"
2022-10-05 22:08:29,"하하/recsys","킹갓  nlp"
2022-10-05 23:57:05,"산산/recsys","ㅋㅋㅋㅋㅋㅋㅋㅋㅋ"
2022-10-06 01:03:53,"기뻐하는 라이언/cv","아..몰랏는데..이제 거슬리네요,,"
2022-10-06 01:06:09,"부탁하는 네오/RecSys","편ㅡ안"
2022-10-06 01:06:51,"NEURIPS/NLP","편안해졌네요"
2022-10-06 01:06:55,"NEURIPS/NLP","감사합니다"
2022-10-06 01:07:04,"부탁하는 네오/RecSys","내일도 화이팅!"
2022-10-06 01:09:05,"recsys","파이팅"
2022-10-06 22:57:33,"수학잘하고파/RecSys","팀원 다들 어떤생각이신가요??"
2022-10-06 22:57:51,"수학잘하고파/RecSys","나름 익명이니 편하게 말해도 좋을것같아요"
2022-10-06 22:58:30,"말하는감자/RecSys","지금 팀원 좋긴 한데"
2022-10-06 22:58:38,"말하는감자/RecSys","다른분들도 만나뵙고싶어서"
2022-10-06 22:58:48,"말하는감자/RecSys","level2에는 다른 팀으로 구할거같아요 저는"
2022-10-06 22:59:04,"수학잘하고파/RecSys","ㅋㅋㅋ 저는 팀원 못구할까봐"
2022-10-06 22:59:08,"수학잘하고파/RecSys","걱정됩니다"
2022-10-06 22:59:45,"말하는감자/RecSys","팀원 구하는 채널도 만들어졌던데"
2022-10-06 22:59:49,"말하는감자/RecSys","거기서 어필해야겠어요 ㅋㅋ"
2022-10-06 23:00:05,"수학잘하고파/RecSys","네 그것때문에 "
2022-10-06 23:00:07,"./NLP","Pr할게 없어서 큰일났어요..."
2022-10-06 23:00:08,"산산/recsys","다른사람들도만나보고싶긴해요"
2022-10-06 23:00:15,"수학잘하고파/RecSys","이제 신경쓰이네요"
2022-10-06 23:00:15,"산산/recsys","지금팀도좋지만"
2022-10-06 23:00:36,"헤헤헤/Recsys","어필할 만한 장점이 없어서 큰일입니다"
2022-10-06 23:00:45,"수학잘하고파/RecSys","아무래도 최종프로젝트까지 같이갈분들이라"
2022-10-06 23:00:55,"수학잘하고파/RecSys","기존팀도 좋지만"
2022-10-06 23:00:56,"./NLP","진짜 쌩초보라"
2022-10-06 23:01:05,"수학잘하고파/RecSys","좀더 알아보고싶네요"
2022-10-06 23:01:14,"ㅇㅇ/cv","저도 초보라 팀원으로 받아달라 하는것도"
2022-10-06 23:01:16,"ㅇㅇ/cv","부담이네요"
2022-10-06 23:01:23,"./RecSys","저도요ㅠ"
2022-10-06 23:01:26,"./RecSys","어떻게 어필해야할지.."
2022-10-06 23:01:35,"ㅇㅇ/cv","열정 밖에 없는데"
2022-10-06 23:01:46,"산산/recsys","저두요ㅎㅋㅎㅋㅋ"
2022-10-06 23:01:46,"수학잘하고파/RecSys","다들 원하는 기준이 있으신가요"
2022-10-06 23:01:46,"말하는감자/RecSys","열정이면 충분하죠!"
2022-10-06 23:01:47,"ㅇㅇ/cv","지금 3 4주 배운걸로"
2022-10-06 23:01:49,"ㅇㅇ/cv","어필하기도"
2022-10-06 23:01:52,"ㅇㅇ/cv","좀 그렇고"
2022-10-06 23:01:52,"멋쟁이 프로도/CV","근데 그 팀원구하는 글은 어디에 쓰는거에요? 그 공지글에 댓글다는건가요"
2022-10-06 23:01:56,"ㅇㅇ/cv","아뇨"
2022-10-06 23:01:57,"ㅇㅇ/cv","슬랙"
2022-10-06 23:01:58,"ㅇㅇ/cv","에"
2022-10-06 23:02:01,"ㅇㅇ/cv","올리는거슈같던데요?"
2022-10-06 23:02:03,"말하는감자/RecSys","슬랙 채널이 새로 파졌어요"
2022-10-06 23:02:03,"./NLP","게시판에 쓰는거에요"
2022-10-06 23:02:05,"멋쟁이 프로도/CV","아 슬랙 게시판에..?"
2022-10-06 23:02:06,"수학잘하고파/RecSys","그 게시판에 글쓰는거같아요"
2022-10-06 23:02:08,"./NLP","슬랙은 옵셔널"
2022-10-06 23:02:11,"ㅇㅇ/cv","아하"
2022-10-06 23:02:14,"수학잘하고파/RecSys","슬랙은 보조도구인듯"
2022-10-06 23:02:15,"ㅇㅇ/cv","그렇네요"
2022-10-06 23:02:23,"멋쟁이 프로도/CV","아니 템플릿은 알려줬는데 어디에 쓰라고 안되어있어서ㅌㅋ"
2022-10-06 23:02:25,"ㅇㅇ/cv","4개가 새로 생겨서"
2022-10-06 23:02:27,"ㅇㅇ/cv","게시판이"
2022-10-06 23:02:41,"수학잘하고파/RecSys","저는 소통잘되는게 중요한듯요"
2022-10-06 23:02:53,"ㅇㅇ/cv","근데 제가 팀원을 구하는 입장이여도"
2022-10-06 23:02:55,"산산/recsys","저는 졸업이 아직 좀 남아서 부캠이후에도 같이 공부할수있는 사람이었으면 좋겧어요
이번 플젝도 중요하긴하지만.."
2022-10-06 23:03:00,"ㅇㅇ/cv","입문자 받기가 조금 껄끄러울 것 같긴해요"
2022-10-06 23:03:01,"ㅇㅇ/cv","ㅠ"
2022-10-06 23:03:08,"말하는감자/RecSys","저는 현 실력보다는"
2022-10-06 23:03:16,"말하는감자/RecSys","목표가 같으면 좋을거같아요"
2022-10-06 23:03:23,"수학잘하고파/RecSys","저도 잘하는 입장이 아니라 같이 실력 키우고싶어요 비슷한분들끼리"
2022-10-06 23:03:35,"말하는감자/RecSys","제 마인드는"
2022-10-06 23:03:51,"산산/recsys","오... 이것도 중요하겠네요 ㄷㄷ"
2022-10-06 23:03:55,"말하는감자/RecSys","부캠 참여자는 다 비슷비슷한 실력일거다
만약 실력자가 부캠에 들어왔다면 그건 그 사람 잘못이다"
2022-10-06 23:03:57,"산산/recsys","취업인지 대학웡인지 그런거"
2022-10-06 23:04:01,"말하는감자/RecSys","라고 생각하니까"
2022-10-06 23:04:10,"말하는감자/RecSys","제가 좀 못하더라도 그렇게 부끄럽지 않더라고요 ㅋㅋ"
2022-10-06 23:04:12,"ㅇㅇ/cv","오"
2022-10-06 23:04:14,"ㅇㅇ/cv","마인드 멋지네요"
2022-10-06 23:04:20,"ㅇㅇ/cv","저는 지금 3주차바겡 안됐는데"
2022-10-06 23:04:21,"수학잘하고파/RecSys","네 그것도 맞아요 여기계신분들 다 대단하십니다"
2022-10-06 23:04:25,"ㅇㅇ/cv","벌써 허덕여서"
2022-10-06 23:04:30,"ㅇㅇ/cv","하 나란 새끼"
2022-10-06 23:04:33,"ㅇㅇ/cv","이러고 있었는데"
2022-10-06 23:04:34,"ㅇㅇ/cv","ㅋㅋㅋ"
2022-10-06 23:04:34,"산산/recsys","ㅋㅋㅋㅋㅋㅋ"
2022-10-06 23:04:38,"말하는감자/RecSys","다 같이 배우러 들어온건데"
2022-10-06 23:04:42,"말하는감자/RecSys","모르는게 이상한게 아니잖아요 ㅋㅋ"
2022-10-06 23:04:44,"수학잘하고파/RecSys","말안해서 그렇지 다 허덕이고 있을겁니다"
2022-10-06 23:04:51,"말하는감자/RecSys","모르는게 당연한거지"
2022-10-06 23:04:56,"산산/recsys","맞아요"
2022-10-06 23:04:59,"산산/recsys","배우러온건데!"
2022-10-06 23:05:15,"수학잘하고파/RecSys","자기 의견 어필 잘하는사람도 전 좋아요"
2022-10-06 23:05:41,"말하는감자/RecSys","목표에 대해서 더 이야기해보면
취업이 목표인지, 대학원 진학이 목표인지에 따라서 공부 방향도 달라질거라"
2022-10-06 23:05:51,"ㅇㅇ/cv","이젠 관심분야도 적극적으로 찾아봐야겠네요"
2022-10-06 23:05:52,"산산/recsys","오프라인 여부도 중요할까요"
2022-10-06 23:06:01,"ㅇㅇ/cv","뭘 모르는데 관심있다 할 순 없으니까"
2022-10-06 23:06:04,"말하는감자/RecSys","대학원 진학이 목표면 논문 리딩이 많이 들어갈거고"
2022-10-06 23:06:09,"수학잘하고파/RecSys","하고싶은 프로젝트는 뭘적어야할지"
2022-10-06 23:06:13,"수학잘하고파/RecSys","고민됩니다"
2022-10-06 23:06:17,"산산/recsys","이거"
2022-10-06 23:06:18,"말하는감자/RecSys","취업이 목표다 하면 cs공부나 알고리즘 비중이 높아질거고 하다보니까"
2022-10-06 23:06:21,"산산/recsys","다른분들쓰시는거보고"
2022-10-06 23:06:26,"말하는감자/RecSys","전 중요하다고 봐요"
2022-10-06 23:06:27,"산산/recsys","하려구요 ㅋㅅㄱㅋㅋㅋ"
2022-10-06 23:06:34,"말하는감자/RecSys","level3때는"
2022-10-06 23:06:38,"산산/recsys","오... 글쿤욤"
2022-10-06 23:06:42,"ㅇㅇ/cv","처음 누가 적기 시작하면"
2022-10-06 23:06:43,"말하는감자/RecSys","꽤 자주 모여서 이야기해야할거라"
2022-10-06 23:06:48,"ㅇㅇ/cv","다들 따라서 하지 않을까요"
2022-10-06 23:06:52,"ㅇㅇ/cv","ㅋㅋㅋ"
2022-10-06 23:06:55,"산산/recsys","ㅋㅋㅋ 그럴거같아요"
2022-10-06 23:06:57,"말하는감자/RecSys","한분이 지방에 사신다 하면"
2022-10-06 23:07:04,"수학잘하고파/RecSys","네 진짜 2부터는 찐친될듯 ㅋㅋ"
2022-10-06 23:07:06,"말하는감자/RecSys","이거때문에 올라오라고 하기 좀 미안하죠... ㅋㅋ"
2022-10-06 23:07:42,"수학잘하고파/RecSys","다들 의견말해주셔서 감사합니다!"
2022-10-06 23:08:20,"말하는감자/RecSys","이러면 좀 수도권 카르텔 느낌이 나긴 하지만... 어쩔수없죠 ㅠ"
2022-10-06 23:09:03,"수학잘하고파/RecSys","근데 다들 좋으신분들이라"
2022-10-06 23:09:21,"수학잘하고파/RecSys","사소한걸로 갈릴것같아요 말씀하신데로"
2022-10-06 23:10:47,"멋쟁이 프로도/CV","플젝때 오프라인 참여 가능한분들끼리 모일거같긴해요"
2022-10-06 23:12:23,"./NLP","어쩔 수 없죠"
2022-10-06 23:14:41,"수학잘하고파/RecSys","서울집값이 비싼이유군요.."
2022-10-06 23:16:16,"말하는감자/RecSys","혹시 다들 목표가 어떻게 되시나요?"
2022-10-06 23:16:51,"말하는감자/RecSys","톡게시판 '투표': 부캠 이후 계획"
2022-10-06 23:17:17,"./NLP","솔직히 셋다 후보군인데 해보면서 답을 찾아가고 있어요"
2022-10-06 23:17:44,"산산/recsys","저는 산업기능요원으로 가고싶어요"
2022-10-06 23:18:02,"산산/recsys","그럼 스타텁이네요,, ㅎㅎㅋㅎ"
2022-10-06 23:19:12,"네카라쿠배/CV","전 무조건 대학원"
2022-10-06 23:19:22,"수학잘하고파/RecSys","기대가되면서도 플젝 두렵습니다 ㅋㅋ"
2022-10-06 23:19:46,"산산/recsys","산기요 후 대학원 일거같네요"
2022-10-06 23:21:13,"말하는감자/RecSys","그러신 분을 위해서 중복투표를 활성화해뒀습니다 ㅋㅋ"
2022-10-06 23:21:33,"어피치/cv","저도... 진로를 정하기전에 학교부터 다녀야해서 그 중간 과정도 같이 하실분 구하고있어요"
2022-10-06 23:22:32,"산산/recsys","제생각에 아마 꽤되실거같아요 그런분들"
2022-10-06 23:25:27,"말하는감자/RecSys","그런 분들을 위해서 항목 추가도 활성화해두었습니다"
2022-10-06 23:25:30,"말하는감자/RecSys","ㅋㅋㅋ"
2022-10-06 23:27:40,"멋쟁이 프로도/CV","대학원 좋습니다"
2022-10-06 23:28:18,"하하/recsys","인턴 항목 추가했습니다 ㅋ"
2022-10-06 23:28:21,"멋쟁이 프로도/CV","공부하는게 재밋으시면 추천드립니다"
2022-10-06 23:28:22,"멋쟁이 프로도/CV","ㅌㅌㅋ"
2022-10-06 23:28:59,"하하/recsys","부캠하면서 세상에 지식은 엄청 많다고 느끼고 있어요 ㅋㅋㅋㅋ"
2022-10-06 23:29:13,"하하/recsys","지식보다는 정보 ㅇㅇ"
2022-10-06 23:31:25,"멋쟁이 프로도/CV","이론이 많은듯"
2022-10-06 23:31:44,"멋쟁이 프로도/CV","그리고 역시 세상은 수학으로 돌아가는듯한 느낌.."
2022-10-06 23:32:25,"산산/recsys","통계와 수학,,"
2022-10-06 23:32:44,"산산/recsys","이모티콘"
2022-10-06 23:45:19,"하하/recsys","생성 모델 설명하실 때"
2022-10-06 23:45:34,"하하/recsys","그냥 빨리 dalle 사진 보고 싶었음"
2022-10-06 23:45:40,"하하/recsys","뭔소린지 모르겟음"
2022-10-06 23:45:44,"하하/recsys","ㅋㅋㅋㅋ"
2022-10-06 23:45:46,"말하는감자/RecSys","ㅋㅋㅋㅋㅋㅋ"
2022-10-07 00:07:02,"멋쟁이 프로도/CV","진짜 중간 수식부분 넘 힘들었어요.."
2022-10-07 13:05:33,"하하/recsys","아 개어렵다 진짜"
2022-10-07 13:06:08,"S/CV","대가리 깨져요"
2022-10-07 13:06:10,"./RecSys","어떤거 보고 계신가요"
2022-10-07 13:06:16,"하하/recsys","졸라 어렵네 진짜"
2022-10-07 13:06:28,"하하/recsys","생성모델 강의도 개어려운데"
2022-10-07 13:06:51,"하하/recsys","ViT AAE는 진짜 이해가 안 가네요"
2022-10-07 13:07:02,"하하/recsys","그냥 모르는거 투성인듯"
2022-10-07 13:07:11,"./RecSys","저도요"
2022-10-07 13:07:16,"./RecSys","생성모델 강의 들으면서"
2022-10-07 13:07:40,"하하/recsys","진짜 속으로 개어렵다×100 반복 중"
2022-10-07 13:07:45,"./RecSys","이게 뭔소리야ㅋㅋ 육성으로 100번 뱉었어요"
2022-10-07 13:07:56,"하하/recsys","CNN RNN 하던 시절"
2022-10-07 13:08:03,"하하/recsys","그것은 시작에 불과했음 하하"
2022-10-07 13:08:05,"./RecSys","그때가 그립읍니다"
2022-10-07 13:10:14,"하하/recsys","사진"
2022-10-07 13:10:22,"./RecSys","ㅋㅋㅋㅋㅋㅋㅋㅋㅋㅋㅋㅋㅋㅋㅋㅋㅋ"
2022-10-07 13:10:34,"하하/recsys","CNN하고 RNN할 때가 재밌는줄 알았지?"
2022-10-07 13:10:49,"하하/recsys","이모티콘"
2022-10-07 13:10:59,"멋쟁이 프로도/CV","생성모델은 진짜 어렵네요..."
2022-10-07 13:11:21,"하하/recsys","text2image/video 졸라 신기한만큼"
2022-10-07 13:11:28,"하하/recsys","졸라 어려운듯"
2022-10-07 13:30:27,"수학잘하고파/RecSys","ㅋㅋㅋㅋ 오피스 아워 열심히 들어야겠네요"
2022-10-07 13:30:58,"말하는감자/RecSys","ㅋㅋㅋㅋ"
2022-10-07 13:31:17,"말하는감자/RecSys","이번주 강의를 4일간 소화하기는 빡세네요"
2022-10-07 13:31:33,"수학잘하고파/RecSys","토일을 제외한 빨간날은 빨간색을 없애는걸로.."
2022-10-07 13:31:35,"하하/recsys","ㅇㅈ"
2022-10-07 13:31:43,"수학잘하고파/RecSys","조만간 토일도 사라지지 않을까 걱정되네요 ㅋㅋ"
2022-10-07 13:31:46,"하하/recsys","하 알고리즘 공부해야하는데"
2022-10-07 13:31:48,"하하/recsys","죽겠네 진짜"
2022-10-07 13:32:04,"하하/recsys","ㅇㅈㅇㅈ"
2022-10-07 13:32:13,"하하/recsys","근데 그러면 번아웃 온다는데 엌ㅋ"
2022-10-07 13:32:20,"하하/recsys","밸런스 어케 찾지"
2022-10-07 13:32:35,"트롤킹/CV","포기하면 편해유ㅋㅋㅋ"
2022-10-07 13:32:42,"트롤킹/CV","조금 포기하면ㅋㅋㅋ"
2022-10-07 13:32:43,"말하는감자/RecSys","5개월간은"
2022-10-07 13:32:45,"./RecSys","5개월 뒤에 찾아야 할 것 같습니다"
2022-10-07 13:32:47,"말하는감자/RecSys","밸런스 포기해야죠"
2022-10-07 13:32:48,"말하는감자/RecSys","ㅋㅋㅋ"
2022-10-07 13:39:49,"하하/recsys","ㅇㅈ"
2022-10-07 13:39:56,"하하/recsys","고3 수험생급임 ㅋ"
2022-10-07 13:41:54,"말하는감자/RecSys","고3때보다 많이 하는거같네요... ㅋㅋ"
2022-10-07 13:41:57,"말하는감자/RecSys","고3떄 공부좀 할걸"
2022-10-07 13:44:09,"수학잘하고파/RecSys","고3때보다 많이하는 것 같긴합니다"
2022-10-07 13:47:08,"하하/recsys","ㅇㅈ 이건 ㄹㅇ 취업이 걸려서 더 빡세게 하는듯 ㅋㅋㅋㅋ"
2022-10-07 13:52:56,"잉","rnn 퀴즈 2번 답이 하나의 숫자로 나오는건가요?"
2022-10-07 13:55:12,"S/CV","[1.1, 1.1, 1.1, 1.1] 형식입니다"
2022-10-07 14:22:00,"산산/recsys","컴마르"
2022-10-07 14:22:05,"산산/recsys","컴마로 나눠서 숫자 4개 쓰심 돼요"
2022-10-07 14:24:55,"멋쟁이 프로도/CV","빨간날이라고 진짜로 쉬면 큰일나더라고요"
2022-10-07 14:35:28,"말하는감자/RecSys","스몰톡 오프라인은 50명 제한이 걸려있네요,,"
2022-10-07 14:35:35,"하하/recsys","ㅇㅈ"
2022-10-07 14:36:01,"하하/recsys","ㅠㅠ"
2022-10-07 14:43:17,"ㅇㅇ/cv","거리두기 때문인가봐요"
2022-10-07 14:43:30,"ㅇㅇ/cv","트랙별 16명 정도 겠네요"
2022-10-07 14:44:03,"산산/recsys","다들 신청하셨나용"
2022-10-07 14:44:05,"ㅇㅇ/cv","다들 할수만 있다면"
2022-10-07 14:44:08,"ㅇㅇ/cv","참가 원하시나요?"
2022-10-07 14:45:03,"산산/recsys","저는 하고싶어요"
2022-10-07 14:45:19,"기뻐하는 라이언/cv","선착순이래서 초스피드로 내고왔습니다"
2022-10-07 14:45:32,"헤헤헤/Recsys","지금 내면 선착순 걸리겠죠"
2022-10-07 14:45:50,"헤헤헤/Recsys","이미 50분 다 찼을 거 같은 느낌"
2022-10-07 14:46:42,"산산/recsys","지금이라도"
2022-10-07 14:46:43,"산산/recsys","하셰요"
2022-10-07 14:48:12,"수학잘하고파/RecSys","시각화 강의 들을수록 알찬데"
2022-10-07 14:48:16,"수학잘하고파/RecSys","시간이 없네요 ㅋㅋㅋ"
2022-10-07 14:48:26,"말하는감자/RecSys","시각화는 일단 빠르게 수강완료후"
2022-10-07 14:48:32,"말하는감자/RecSys","나중에 다시 듣는걸로..."
2022-10-07 14:48:38,"수학잘하고파/RecSys","특히 마지막 강의 대박입니다 ㅋㅋ"
2022-10-07 14:49:17,"산산/recsys","ㅎㄷㄷ"
2022-10-07 14:53:19,"ㅇㅇ/cv","약간 온라인으로 네트워킹한는게 더 뻘쭘할 것 같아서"
2022-10-07 14:53:24,"ㅇㅇ/cv","오프라인으로 신청했습니다"
2022-10-07 14:53:25,"ㅇㅇ/cv","ㅎㅎ"
2022-10-07 14:53:34,"말하는감자/RecSys","오프라인으로 모여도"
2022-10-07 14:53:39,"ㅇㅇ/cv","zep에서 다가가서 안..안녕하세요 하기가"
2022-10-07 14:53:40,"말하는감자/RecSys","네트워킹은 온라인으로 해야해요 ㅋㅋ"
2022-10-07 14:53:40,"ㅇㅇ/cv","좀"
2022-10-07 14:53:44,"ㅇㅇ/cv","ㅋㅋㅋ"
2022-10-07 14:53:47,"ㅇㅇ/cv","그쵸"
2022-10-07 14:53:50,"ㅇㅇ/cv","근데 6시이후에"
2022-10-07 14:53:53,"./NLP","Zep이 뭐에요??"
2022-10-07 14:53:54,"말하는감자/RecSys","옆자리에 있지만"
2022-10-07 14:53:54,"ㅇㅇ/cv","추가적으로 네트워킹하더라구요"
2022-10-07 14:53:58,"말하는감자/RecSys","zep으로 이야기.. ㅋㅋ"
2022-10-07 14:54:02,"ㅇㅇ/cv","메타버스요"
2022-10-07 14:54:11,"ㅇㅇ/cv","게더타운같은 거"
2022-10-07 14:56:16,"하용/NLP","오프라인 나가면 오프라인에서 만난 사람들끼리 대화도 하고 그럴까요??"
2022-10-07 14:56:23,"하용/NLP","나가서 팀을 구할 수 있을지가 ㅋㅋㅋ"
2022-10-07 14:56:38,"하용/NLP","오프라인까지 나갔으니 수확이 있으면 좋겠어유"
2022-10-07 14:58:55,"말하는감자/RecSys","그러지않을까요??"
2022-10-07 15:00:49,"산산/recsys","오프라인 나가도"
2022-10-07 15:00:53,"산산/recsys","내세울 게 열정 뿐,,,,"
2022-10-07 15:00:54,"산산/recsys","ㅋㅋㅋㅋㅋㅋ"
2022-10-07 15:23:29,"S/CV","사진"
2022-10-07 15:58:21,"하하/recsys","열쩡열쩡열쩡"
2022-10-07 18:12:54,"엄지척 제이지","열쩡열쩡열쩡"
2022-10-07 19:14:07,"산산/recsys","진짜 벌써 번아웃 온 거 같네요"
2022-10-07 19:14:09,"산산/recsys","너무 피곤,,,,,"
2022-10-07 19:14:19,"산산/recsys","일주일동안 고생하셨어요~~"
2022-10-07 19:19:55,"수학잘하고파/RecSys","다들 고생하셨습니다 푹 쉬세요!"
2022-10-07 19:25:51,"하하/recsys","고생했습니다 짘짜"
2022-10-07 19:26:41,"하하/recsys","죽겠습니다 진짜"
2022-10-07 19:49:21,"멋쟁이 프로도/CV","주말엔 못들은 시각화 강의를.."
2022-10-07 19:49:55,"애플펜슬/cv","생성모델"
2022-10-07 19:50:00,"애플펜슬/cv","개어렵네 ㄹㅇ"
2022-10-07 19:51:22,"츄리닝안경 네오 / NLP","ㅇㅈ"
2022-10-07 19:57:37,"산산/recsys","혹시 generative model 퀴즈 2번 답 뭔가요?"
2022-10-07 19:57:48,"산산/recsys","Generator의 Objective는 그림 2와 같다
이게 부적절한 것 아닌가요..?"
2022-10-07 19:58:52,"./RecSys","아니에요"
2022-10-07 19:59:42,"./RecSys","수식을 조금 자세히 들여다보시면"
2022-10-07 19:59:49,"./RecSys","어떤게 틀린 문항인지 아실 수 있을거에요"
2022-10-07 19:59:59,"산산/recsys","앗"
2022-10-07 20:00:02,"산산/recsys","잠시만요,,,"
2022-10-07 20:00:04,"./NLP","진짜 미세하게 바꿨어요"
2022-10-07 20:00:13,"하하/recsys","쌉ㅇㅈ"
2022-10-07 20:00:40,"하하/recsys","아까 오피스아워 때 감자됨 ㅋ"
2022-10-07 20:05:37,"산산/recsys","아 이런"
2022-10-07 20:05:44,"산산/recsys",",,,,,, 그림 3이 틀렸네요"
2022-10-07 20:05:55,"산산/recsys","알려주셔서 감사합니당"
2022-10-07 20:13:03,"딥린이/CV","딥린이/CV님이 나갔습니다."
2022-10-07 21:50:30,"수학잘하고파/RecSys","참 한 주가 빨리빨리 가는 것 같아요"
2022-10-07 21:54:46,"산산/recsys","ㅇㅈㅇㅈ..."
2022-10-07 22:17:58,"하하/recsys","순삭임 ㄹㅇ"
2022-10-07 22:18:09,"하하/recsys","컨텐츠가 다양해서 재밌기도 해요 ㅋㅋㅋ"
2022-10-07 22:18:21,"하하/recsys","다들 관심사도 비슷해서 ㅎㅎ"
2022-10-07 22:21:35,"리듬타는/CV","그러게요"
2022-10-08 21:14:59,"치맥하는 제이지/cv","혹시 colab 프로 써보신분 계신가요?"
2022-10-08 21:15:35,"하하/recsys","저 프로 써요"
2022-10-08 21:15:54,"치맥하는 제이지/cv","할당되는 컴퓨팅단위는 매일매일 새롭게 할당되는건가요...?"
2022-10-08 21:17:55,"하하/recsys","매 구독마다 갱신되는거같은데요..."
2022-10-08 21:18:26,"하하/recsys","며칠 안 썼는데도 리소스 사용된거 보니..."
2022-10-08 21:19:36,"멋쟁이 프로도/CV","매일마다 할당되요"
2022-10-08 21:22:17,"하하/recsys","개꿀이네요"
2022-10-08 21:27:41,"치맥하는 제이지/cv","감사합니다!!"
2022-10-09 21:56:38,"부끄러운 어피치/CV","혹시 여기 담주에 삼전코테 보시는분 계세요?"
2022-10-09 21:57:03,"하하/recsys","강의 진짜 많네"
2022-10-09 22:00:09,"엄지척 제이지/NLP","네"
2022-10-09 22:05:29,"부끄러운 어피치/CV","문제들이 왜이리 복잡한것일까요.."
2022-10-09 22:26:38,"까롱까롱마까롱","네이버 부스트캠프 하고 있다는 것을 어떤 발표 자리에서 자기 소개로 말하기엔 좀 그렇죠..?"
2022-10-09 22:26:53,"말하는감자/RecSys","애매하죠"
2022-10-09 22:27:27,"말하는감자/RecSys","그냥 지금 뭐하고있냐 <- 이거면 말할만한데"
2022-10-09 22:27:42,"말하는감자/RecSys","소속, 스펙등으로 이야기하긴 좀 그런거같아요"
2022-10-09 22:28:36,"엄지척 제이지/CV","저는 네이버 부스트캠프하면 못 알아 듣거나 네이버 인턴하는 줄 알아서 그냥 교육 받고 있다고 해요 ㅋㅋㅋㅋ"
2022-10-09 22:30:01,"네카라쿠배/CV","그냥 국비과정에서 교육받는다고 하심이..."
2022-10-09 22:33:09,"말하는감자/RecSys","그런데 이 발표자리가 어디냐에 따라 좀 다를거같아요"
2022-10-09 22:34:26,"까롱까롱마까롱","데이터야놀자라는 행사에서 하는거라.. 말씀들어보니 좀 애매할 거 같네용..ㅜ"
2022-10-09 22:34:58,"말하는감자/RecSys","음 그러면 괜찮을거같아요"
2022-10-09 22:35:07,"산산/recsys","저는 그냥"
2022-10-09 22:35:12,"산산/recsys","부트캠프한다고 해요"
2022-10-09 22:35:18,"산산/recsys","그럼 다 대충 아시더라구요"
2022-10-09 22:35:32,"산산/recsys","개발자 부트캠프!"
2022-10-09 22:35:35,"말하는감자/RecSys","~한 사람이고, 지금은 부스트캠프에서 ai 교육 받는 중입니다~"
2022-10-09 22:35:42,"말하는감자/RecSys","정도면 괜찮을거같아요"
2022-10-09 22:37:37,"까롱까롱마까롱","옹 감사합니다!"
2022-10-09 23:55:33,"하하/recsys","아 진짜 네이버 본사 가서 교육 듣느냐는 말 계속 들음"
2022-10-09 23:55:35,"하하/recsys","ㅋㅋㅋㅋㅋㅋㅋ"
2022-10-09 23:55:55,"말하는감자/RecSys","앗"
2022-10-09 23:56:00,"말하는감자/RecSys","그러면 안하는게 낫겠네요 ㅋㅋ"
2022-10-09 23:59:19,"하하/recsys","아 그래도 저는 이야기할 듯"
2022-10-09 23:59:32,"하하/recsys","그만큼 있어빌리티 있다는거잖아요 ㅋㅋ"
2022-10-10 00:14:51,"옐로카드 프로도/CV","옐로카드 프로도/CV님이 들어왔습니다."
2022-10-10 09:09:42,"엄지척 제이지","코랩 프로 플러스 24시간 돌리고 나서 언제 gpu 다시 할당되는지 아시나요..?"
2022-10-10 10:05:39,"호랑이사자/nlp","매달 100크래딧을 주고 부족하면 100크래듯/10달러 기준으로 계속 살수있는걸로 알고있어요"
2022-10-10 10:11:25,"NEURIPS/NLP","지금 취업 코테/면접보면서 하시는분 계신가요"
2022-10-10 10:11:38,"NEURIPS/NLP","취준하면 약간팀짜기가"
2022-10-10 10:11:41,"NEURIPS/NLP","애매해질것같은데"
2022-10-10 10:13:49,"말하는감자/RecSys","취준하시는분들끼리 팀 짜면 좋을거같아요"
2022-10-10 10:14:04,"네카라쿠배/CV","듣기론 2월전에 취업으로 나가시는 분들이 꽤 많다고 하던데요"
2022-10-10 13:21:02,"수학잘하고파/RecSys","나가는분 계시면 타격이 클 것 같습니다"
2022-10-10 13:31:47,"하하/recsys","그러게요..."
2022-10-10 13:49:38,"멋쟁이 프로도/CV","2월은 거의 막바지아닌가요"
2022-10-10 13:50:05,"말하는감자/RecSys","12월에 나가시는 분도 계시고 해서"
2022-10-10 13:50:37,"말하는감자/RecSys","저는 취준 아닌분들 (ex 휴학생) 끼리 팀 꾸리고싶기도 해요"
2022-10-10 13:51:31,"수학잘하고파/RecSys","생각을 잘 못했는데 정말 중요한 부분이겠군요"
2022-10-10 14:26:53,"응원하는 튜브/nlp","그렇기에는 대학교 4학년 휴학생도 취준생이나 다름없어서"
2022-10-10 14:27:06,"응원하는 튜브/nlp","사실상 대학교 3학년 휴학생빼고는 다 취준생이라고 봐도 무방할걸요"
2022-10-10 14:28:30,"멋쟁이 프로도/CV","마지막 프로젝트 1,2월에는 웬만하면 다들 취준하면서 하시지않을까요"
2022-10-10 14:29:02,"치맥하는 제이지/cv","캠프 도중에 이탈 가능성이 있냐없냐를 구분해야겠네요  ㅠㅠ"
2022-10-10 14:33:12,"말하는감자/RecSys","그렇긴 하죠..."
2022-10-10 14:33:42,"말하는감자/RecSys","그래도 4학년 휴학생의 경우 취준을 한다 해도"
2022-10-10 14:33:53,"말하는감자/RecSys","중도이탈 가능성은 낮을거같아요"
2022-10-10 14:37:58,"신난 어피치","취준하다가 취뽀하면 부캠보단 닥취업아닌가요"
2022-10-10 14:39:49,"말하는감자/RecSys","그래서 중도이탈자들이 많이 생기는거같아요"
2022-10-10 14:41:00,"트롤킹/CV","오늘까지 자소서 올려야하는데..."
2022-10-10 14:41:02,"네카라쿠배/CV","수료하면 백순데 휴학하신 분이 아니면 거의다 취준하실것 같네요. "
2022-10-10 14:41:05,"트롤킹/CV","구인구직ㅋㅋㅋㅋㅋ"
2022-10-10 14:41:26,"트롤킹/CV","잘난게 하나도 없어서 쓰기가 어렵네유"
2022-10-10 14:41:54,"네카라쿠배/CV","자소서 연습이죠 ㅋ"
2022-10-10 17:45:50,"멋쟁이 프로도/CV","예비군 진짜 가기 싫네요..."
2022-10-10 17:46:02,"음악듣는 어피치/RecSys","혹시 내일 가시나요?"
2022-10-10 18:03:46,"멋쟁이 프로도/CV","네"
2022-10-10 18:03:47,"멋쟁이 프로도/CV","ㅠ"
2022-10-10 18:04:56,"트롤킹/CV","저는 11월 1일에..."
2022-10-10 18:05:02,"음악듣는 어피치/RecSys","저도 내일 ㅜ"
2022-10-10 18:08:08,"S/CV","이모티콘"
2022-10-10 19:10:24,"멋쟁이 프로도/CV","과제1 해보는데 생각보다 ** 어렵네요..^^"
2022-10-10 19:11:44,"산산/recsys","강의올라왔나요?!"
2022-10-10 19:11:50,"산산/recsys","들어야겠네용"
2022-10-10 19:14:57,"읭읭이 CV","예비군 1차인데 무단불참해도 될까요?"
2022-10-10 19:16:41,"트롤킹/CV","예비군은 확인서 제출하면 인정 되는걸로 아는데 아닌가요?"
2022-10-10 19:17:00,"읭읭이 CV","아 아뇨 부캠말고 예비군을 안가고 싶어서.."
2022-10-10 19:23:42,"트롤킹/CV","아 ㅋㅋㅋ 벌금 내시면 미룰 수 있는걸로 알긴 아는데 ㅇㅅㅇ;;;ㅋㅋㅋㅋ"
2022-10-10 19:24:36,"HelloWorld/Recsys","내일까지 팀 결성 맞나요?"
2022-10-10 19:24:48,"HelloWorld/Recsys","왤케 빨리 끝나지 기한이.."
2022-10-10 19:25:00,"V / CV","다음달까지 아닌가요?"
2022-10-10 19:25:10,"./NLP","아뇨"
2022-10-10 19:25:10,"V / CV","아 아니지 이번달 까지요"
2022-10-10 19:26:18,"V / CV","아 정확히 11월 8일까지네요"
2022-10-10 19:26:26,"V / CV","https://www.boostcourse.org/boostcampaitech4/notice/31863"
2022-10-10 19:26:42,"산산/recsys","오늘까지 자기소개 써야해요"
2022-10-10 19:26:52,"HelloWorld/Recsys","아 자기소개만 오늘까지군요"
2022-10-10 19:27:00,"HelloWorld/Recsys","감사합니다!!"
2022-10-10 19:27:04,"산산/recsys","앗 내일이네요"
2022-10-10 19:27:06,"HelloWorld/Recsys","팀 못구해서 큰일난줄.."
2022-10-10 19:27:08,"산산/recsys","내일 정오래요"
2022-10-10 19:29:00,"산산/recsys","사진"
2022-10-10 19:29:03,"산산/recsys","오늘이네요 ㅋㅎㅋㅋㅋ"
2022-10-10 19:29:34,"하하/recsys","오늘까지 작성이에요 ㅋㅋㅋ"
2022-10-10 19:29:46,"하하/recsys","ㅠㅠ"
2022-10-10 19:29:57,"./NLP","쓸게 없는데..."
2022-10-10 19:30:59,"하하/recsys","이모티콘"
2022-10-10 19:35:40,"산산/recsys","이모티콘"
2022-10-10 19:50:18,"S/CV","무단불참 하면 안돼요ㅋㅋ"
2022-10-10 19:51:52,"수학잘하고파/RecSys","11월 8일이면 많이남았네요"
2022-10-10 20:53:17,"말하는감자/RecSys","팀구하는들 쓰기가 어렵네요"
2022-10-10 20:53:30,"말하는감자/RecSys","역량이 너무 부족함을 느껴요.. ㅠ"
2022-10-10 20:55:51,"산산/recsys","ㅇㅈㅇㅈ....."
2022-10-10 20:56:07,"산산/recsys","이모티콘"
2022-10-10 20:58:41,"네카라쿠배/CV","모르니까 배우러 왔는데, 이미 배운 사람이 많네요 ㅎㅎㅎ"
2022-10-10 21:00:48,"말하는감자/RecSys","그러게요.. ㅋㅋ"
2022-10-10 21:01:02,"말하는감자/RecSys","그사람들이 이상한겁니다.
배우러 왔는데 모르는게 당연하죠!"
2022-10-10 21:01:47,"말하는감자/RecSys","라며 스스로 위안을 얻는중입니다 ㅋㅋ"
2022-10-10 21:15:34,"./NLP","우스갯소리지만"
2022-10-10 21:15:41,"./NLP","자소서 생성모델 만들고 싶네요..."
2022-10-10 21:15:46,"./NLP","쓸게 없어"
2022-10-10 21:16:18,"산산/recsys","이모티콘"
2022-10-10 21:16:38,"산산/recsys","재밌어보이네요 키워드 넣으면 생성해주는,,, ㅋㅋㅋ"
2022-10-10 21:17:49,"말하는감자/RecSys","혹시 오늘 자정까지 만들어주실 수 있으실까요...?"
2022-10-10 21:17:50,"말하는감자/RecSys","ㅋㅋㅋㅋ"
2022-10-10 21:18:00,"치맥하는 제이지/cv","ㅋㅋㅋㅋ"
2022-10-10 21:18:06,"치맥하는 제이지/cv","올리는 시간도 있어야 하니까"
2022-10-10 21:18:08,"./NLP","저도 굴러들어온 말하는 감자라 ㅎㅎ"
2022-10-10 21:18:10,"치맥하는 제이지/cv","11시반까지…ㅎㅎ"
2022-10-10 21:19:28,"하하/recsys","와 이거 가능해보이는데요?"
2022-10-10 21:19:37,"하하/recsys","ㄹㅇ 괜찮다"
2022-10-10 21:24:03,"수학잘하고파/RecSys","대단하신분들 많네요.. 절 껴줄까요 ㅋㅋ"
2022-10-10 22:48:28,"하하/recsys","날이 춥습니다..."
2022-10-10 23:07:25,"멋쟁이 프로도/CV","이거 이미 네이버에서 구현해놨어요ㅋㅋ"
2022-10-10 23:08:27,"멋쟁이 프로도/CV","ai rush대회 참여한 사람들한정해서 쓸수있게 해줬는데 생각보다 자소서 잘써줘요ㅋㅋㅋ"
2022-10-10 23:10:14,"하하/recsys","대박이군요"
2022-10-10 23:10:23,"하하/recsys","진짜 네이버 NLP 국내최강이다"
2022-10-10 23:22:32,"산산/recsys","우와 ㅎㄷㄷ"
2022-10-11 00:13:12,"트롤킹/CV","ㅋㅋㅋㅋㅋㅋ"
2022-10-11 09:53:33,"즐거운 네오/CV","오늘 깃헙특강!!!"
2022-10-11 10:00:46,"하하/recsys","다들 바로 깃헙특강 들으러 오세요~~"
2022-10-12 19:25:56,"네카라쿠배/CV","오우... 팀빌딩....."
2022-10-12 19:26:10,"어피치/cv","빡시네요.."
2022-10-12 19:26:20,"V / CV","팀빌딩ㅠㅠ.."
2022-10-12 19:26:38,"네카라쿠배/CV","cv가 좀 글쳐"
2022-10-12 19:27:02,"치맥하는 제이지/cv","못하겠어요 엉엉"
2022-10-12 19:27:06,"화이팅/nlp","ㅠㅠ"
2022-10-12 19:28:53,"엄지척 제이지","ㅠㅠ"
2022-10-12 19:30:09,"V / CV","1차 팀 그대로 가시는분들도 있나요?"
2022-10-12 19:30:44,"KidsareBornStars/CV","저번에 스페셜 피어세션 때 그런 분 있던걸로 기억해요"
2022-10-12 19:40:03,"초롱초롱 튜브/nlp","저희는 그대로 가용"
2022-10-12 19:40:58,"V / CV","와우.."
2022-10-12 20:01:43,"트롤킹/CV","ㅋㅋㅋㅋㅋ"
2022-10-12 20:01:51,"트롤킹/CV","저는 폐기물이라"
2022-10-12 20:02:02,"트롤킹/CV","누가 주워가주면 감사하죠 ㅠㅜ"
2022-10-12 20:02:38,"화이팅/nlp","대부분 팀 찾으셨을까요,,?"
2022-10-12 20:03:55,"수학잘하고파/RecSys","얘기하시는 분 보니깐 벌써 팀 정하신 분들도 많은 것 같더라구요 기존 팀 포함"
2022-10-12 20:04:04,"수학잘하고파/RecSys","DM이라도 적극적으로 보내야하는지.. ㅋㅋ"
2022-10-12 20:04:48,"어피치/cv","온라인이니까 오히려 어렵네요.."
2022-10-12 20:08:41,"튜브낀 튜브/CV","그러게요 ㅠ"
2022-10-12 20:41:51,"수학잘하고파/RecSys","저는 이분 저분 DM 부터 열심히 보내야겠습니다 ㅋㅋ"
2022-10-12 20:43:25,"네카라쿠배/CV","도메인을 잘 몰라서 이걸로 뭘할수 있는지 아직 감이 없어요"
2022-10-12 20:43:59,"수학잘하고파/RecSys","오프라인 모임은 어떠셨는지 후기 있으신분 계신가요??"
2022-10-12 20:44:47,"네카라쿠배/CV","ㅋㅋㅋ"
2022-10-12 20:45:00,"네카라쿠배/CV","궁금하네요"
2022-10-12 20:46:13,"으깨진감자/RecSys","으깨진감자/RecSys님이 들어왔습니다."
2022-10-12 20:48:08,"졸린 무지/RecSys","졸린 무지/RecSys님이 들어왔습니다."
2022-10-12 21:32:36,"산산/recsys","ㅎㅎㅎ 저두요"
2022-10-12 21:55:27,"ㅇㅇ/cv","똑같이 zep으로 참여 해서 별다를 게 없었습니다 ㅠ"
2022-10-12 21:57:06,"수학잘하고파/RecSys","그냥 어섹하게 테이블에서 공부 하셨나요?? ㅎㅎ"
2022-10-12 21:59:54,"하하/recsys","끝나고 만나서 밥 먹엇어요 ㅋㅋ"
2022-10-12 22:00:08,"하하/recsys","19시 이전까지 어색했습니다..."
2022-10-12 22:01:30,"엄지척 제이지","타운홀미팅은 뭐하는건가요?"
2022-10-12 22:02:50,"하하/recsys","이게 언제인가요?"
2022-10-12 22:04:37,"./NLP","24일이요"
2022-10-12 22:05:22,"하하/recsys","아하..."
2022-10-12 22:05:34,"하하/recsys","감이 안 오네요 뭔지"
2022-10-12 22:06:55,"수학잘하고파/RecSys","ㅋㅋㅋ 다음에 참가할지 고민이네용"
2022-10-12 22:07:52,"하하/recsys","저는 강추합니다"
2022-10-12 22:08:10,"하하/recsys","좋아요 ㅋㅋ"
2022-10-13 20:05:15,"수학잘하고파/RecSys","혹시 다른분들 팀 다 정하셨나요?? 괜히 조급해지네요 ㅎㅎ.."
2022-10-13 20:07:08,"파이팅하는 무지/cv","아직요!"
2022-10-13 20:08:19,"./RecSys","저도 못구했어요"
2022-10-13 20:08:32,"./RecSys","타운홀미팅때는 오프라인 가서 만나보고 팀 꾸리고 싶은데"
2022-10-13 20:08:41,"./RecSys","그전까지 팀이 다 만들어질 것 같아서 불안하네요.."
2022-10-13 20:09:09,"수학잘하고파/RecSys","몇분 말씀 나눠봤는데 구해지신 분도 꽤 계셔서"
2022-10-13 20:09:26,"수학잘하고파/RecSys","걱정되네요 ㅎㅎ"
2022-10-13 20:09:30,"하하/recsys","이야기 중에 있어요 저는 ㅎㅎ"
2022-10-13 20:58:12,"말하는감자/RecSys","혹시 어떤팀 원하시나요?"
2022-10-13 20:59:26,"하하/recsys","직접 이야기하면서"
2022-10-13 20:59:46,"하하/recsys","저랑 soul 통하는 분이면 좋을 것 같아요 ㅎㅎ"
2022-10-13 21:00:18,"./RecSys","낭만이 있으신군요"
2022-10-13 21:06:42,"ㅇㅇ/cv","다들 데이터 구하는 방법은 생각해 보셨나요?"
2022-10-13 21:07:22,"수학잘하고파/RecSys","기존 팀원은 어떻게 생각하시나요?? 같이 가는 방향이신가요?ㅠㅠ"
2022-10-13 21:07:32,"ㅇㅇ/cv","프로젝트 주제가 아무리 좋아도
데이터 못구하거나 시간 투자 많이하면
안좋을 것 같아서요"
2022-10-13 21:07:53,"ㅇㅇ/cv","그러신분들도 꽤 되는것 같아요"
2022-10-13 21:08:08,"말하는감자/RecSys","캐글이나 데이콘 데이터 쓸까 생각했는데"
2022-10-13 21:08:16,"말하는감자/RecSys","그러면 프로젝트가 너무 재미없을거같더라고요... ㅋㅋ"
2022-10-13 21:08:26,"말하는감자/RecSys","그래서 저는 직접 모아볼생각입니다"
2022-10-13 21:08:33,"수학잘하고파/RecSys","저는 서빙 의미를 살리려면 크롤링 등이 필요할 것 같아요"
2022-10-13 21:08:34,"ㅇㅇ/cv","오"
2022-10-13 21:08:44,"ㅇㅇ/cv","라벨링도 직접 하시면서요?"
2022-10-13 21:09:02,"말하는감자/RecSys","가능하다면 다 해볼생각이에요"
2022-10-13 21:09:39,"수학잘하고파/RecSys","톡게시판 '투표': 팀원 구하셨나요??"
2022-10-13 21:10:13,"ㅇㅇ/cv","저는 데이터 구하는데 시간 많이 쓰고 싶지않은데"
2022-10-13 21:10:23,"ㅇㅇ/cv","필연적으로 그렇게 될것 같은 느낌이"
2022-10-13 21:10:24,"ㅇㅇ/cv","드네요"
2022-10-13 21:10:33,"ㅇㅇ/cv","ㅜ"
2022-10-13 21:10:42,"ㅇㅇ/cv","부캠측에서"
2022-10-13 21:10:47,"ㅇㅇ/cv","제공해주면 좋을텐데"
2022-10-13 21:10:50,"ㅇㅇ/cv","아니라고하니.."
2022-10-13 21:15:04,"하하/recsys","이모티콘"
2022-10-13 21:16:02,"하하/recsys","유저 데이터 구하기가 참 어려울듯 합니다"
2022-10-13 21:16:40,"말하는감자/RecSys","팀 구하는게 데드라인까지 어느정도 시간이 남아있긴 하지만"
2022-10-13 21:16:47,"말하는감자/RecSys","빨리 구하고싶네요 ㅋㅋ"
2022-10-13 21:32:08,"멋쟁이 프로도/CV","데이터 전처리 경험 되게 중요해요"
2022-10-13 21:32:55,"산산/recsys","기존팀원도 좋은데"
2022-10-13 21:32:58,"산산/recsys","고민되네요"
2022-10-13 21:33:16,"산산/recsys","다른사람을 찾을지 이대로 갈지"
2022-10-13 21:37:07,"애플펜슬/cv","아 수업 개어렵네ㅋㅋ"
2022-10-13 21:39:51,"멋쟁이 프로도/CV","전 5강까지만 듣고 이전에 했던거 복습하고있어요... PYTORCH 모델 짜는것도 빡세서.."
2022-10-13 21:47:15,"파이팅하는 무지/cv","저도 그렇네요.."
2022-10-13 22:53:26,"cv","기본과제3 하신분 계신가요??"
2022-10-13 22:54:14,"애플펜슬/cv","저는 슬슬 하려구요"
2022-10-13 22:54:17,"애플펜슬/cv","🙀🙀"
2022-10-13 23:00:20,"어피치/cv","저 했습니다"
2022-10-13 23:05:19,"cv","to do (2)가 무슨 의미인지 잘 이해가 안됩니다"
2022-10-13 23:15:52,"어피치/cv","제가 늦게 카톡을 보았네요"
2022-10-13 23:16:12,"어피치/cv","바로 보고 답변 드리겠습니다"
2022-10-13 23:16:40,"cv","감사합니다"
2022-10-13 23:17:41,"어피치/cv","현재 vvg는 이미지에 대해 마지막단이 linear로 훈련되어있습니다"
2022-10-13 23:18:01,"어피치/cv","훈련되어 있는 linear의 가중치를 reshape하여 1*1conv에 넣으라는 의미입니다"
2022-10-13 23:18:53,"어피치/cv","VGG로 정정하겠습니다"
2022-10-13 23:29:27,"cv","감사합니다"
2022-10-13 23:29:38,"어피치/cv","해결되셨다니 다행이네요"
2022-10-13 23:29:54,"cv","해결은 안됐습니다ㅠ"
2022-10-13 23:30:47,"ㅇㅇ/cv","슬랙 질문 ㄱㄱ하셔요"
2022-10-13 23:30:49,"어피치/cv","아 ㅋㅋㅋ 그런가요 제가 너무 앞서갔네요 더 도움드릴부분 필요하시면 말씀해주세요 ㅎㅎㅎ"
2022-10-13 23:31:32,"cv","답변 감사합니다"
2022-10-14 00:52:47,"애플펜슬/cv","과제2 마지막꺼 다시보는데 하나두 모르겠네용"
2022-10-15 01:23:52,"산산/recsys","이모티콘"
2022-10-15 01:48:08,"하하/recsys","이모티콘"
2022-10-15 01:48:43,"말하는감자/RecSys","이모티콘"
2022-10-17 22:47:57,"츄리닝안경 네오 / NLP","다들 팀 구하셨나용?..."
2022-10-17 22:48:17,"트롤킹/CV","아니요.."
2022-10-17 22:57:05,"네카라쿠배/CV","그냥 포기하고 다 때려치고 싶네요"
2022-10-17 22:58:33,"기뻐하는 라이언/cv","ㄷㄷ..dm을 마구 쏴보세요"
2022-10-17 22:58:35,"하하/recsys","빡시다 공부부터"
2022-10-17 22:59:08,"츄리닝안경 네오 / NLP","포기하지는 말아요!!"
2022-10-17 22:59:32,"츄리닝안경 네오 / NLP","물론 팀이 잘 안잡혀서 우울하네요"
2022-10-17 23:00:13,"네카라쿠배/CV","NLP는 인싸가 많으시던데요"
2022-10-17 23:20:33,"츄리닝안경 네오 / NLP","우선 저는 아닙니다.."
2022-10-17 23:21:55,"파이팅하는 무지/cv","저도 아직 못구햇슴다"
2022-10-17 23:52:38,"트롤킹/CV","저는 지금 거의 못구하면 알아서 짜주겠지 하는 심정으로..ㅋㅋㅋ"
2022-10-17 23:52:53,"말하는감자/RecSys","못구하면 랜덤팀..."
2022-10-17 23:55:15,"수학잘하고파/RecSys","먼저 dm쏘는게 중요한듯요 이게 싫으신분들은 기존팀 유지하는것도 방법인듯요"
2022-10-18 10:10:41,"산산/recsys","nlp는 먼가 되게 많더라구요"
2022-10-18 10:13:55,"응원하는 튜브/nlp","다른 도메인이 그런걸 어떻게 아시나요..?"
2022-10-18 10:14:15,"잉","사진"
2022-10-18 10:14:23,"잉","혹시 이부분 어떻게 저렇게 나오게 하는지 아시나요?"
2022-10-18 10:14:27,"잉","저는 흰 글자만 나와서요"
2022-10-18 10:14:41,"멋쟁이 프로도/CV","테마 차이아닐까요"
2022-10-18 10:15:03,"잉","vscode 자체의 테마인가요?"
2022-10-18 10:15:15,"산산/recsys","들어가면 보이더라구요"
2022-10-18 10:15:15,"멋쟁이 프로도/CV","저도 그건 모르겠네요ㅋㅋ"
2022-10-18 10:15:50,"응원하는 튜브/nlp","그거 확장 프로그램 깔면 돼요"
2022-10-18 10:16:02,"응원하는 튜브/nlp","어디루 들어가면 볼 수 있나요"
2022-10-18 10:16:10,"잉","어떤건지 아실까요"
2022-10-18 10:16:11,"잉","??"
2022-10-18 10:16:20,"산산/recsys","슬랙에 팀원을 칮습니다 채널이요!"
2022-10-18 10:18:10,"응원하는 튜브/nlp","저도 맞는지는 모르겠는데, vscode에서 확장프로그램 설치하는데에서 rainbow csv 깔아보세요..!!"
2022-10-18 10:23:51,"잉","적용이 ㄷ안되네요 껐다켜도 ㅠ"
2022-10-18 10:23:52,"잉","감사합니다"
2022-10-18 10:29:12,"멋쟁이 프로도/CV","이따 쉬는시간에 물어보시죠ㅋㅋ"
2022-10-18 10:29:24,"멋쟁이 프로도/CV","사진"
2022-10-18 10:29:27,"멋쟁이 프로도/CV","저도 이런식으로만 떠서..."
2022-10-18 10:32:48,"피자 / cv","맥북이랑"
2022-10-18 10:32:50,"피자 / cv","달라요"
2022-10-18 10:33:09,"피자 / cv","터미널환경에 따라 다르기도 하고 "
2022-10-18 10:33:14,"피자 / cv","테마설정하면 달라집니다"
2022-10-18 10:33:21,"피자 / cv","맥북은 기본 zsh 사용해요"
2022-10-18 10:34:01,"./NLP","터미널 차이 아닌가요?"
2022-10-18 10:34:04,"방장/CV","테마 설정 제일 중요.."
2022-10-18 10:34:33,"./RecSys","터미널 차이 맞아요"
2022-10-18 10:34:54,"츄리닝안경 네오 / NLP","그러면 혹시 git bash 는 커스텀 가능한가요??"
2022-10-18 10:35:20,"피자 / cv","터미널차이입니당"
2022-10-18 10:35:27,"피자 / cv","테마에 따라 다르구"
2022-10-18 10:35:51,"./RecSys","윈도우는 wsl로 oh my zsh쓰시거나 "
2022-10-18 10:36:05,"./RecSys","oh my posh로 파워쉘에 적용할 수 있는걸로 알고 잌ㅅ어요"
2022-10-18 10:39:47,"잉","맥북 테마 설정 추천좀해주실 수 잇나요"
2022-10-18 10:44:10,"하용/NLP","oh my zsh 쓰시면 돼용"
2022-10-18 10:52:14,"멋쟁이 프로도/CV","검색해보니 윈도우도 가능하긴한데 10분안에는 못할거같네요ㅋㅋ"
2022-10-18 23:06:36,"산산/recsys","이모티콘"
2022-10-18 23:06:52,"하하/recsys","이모티콘"
2022-10-19 12:53:53,"하용/NLP","다들 과제 난이도 괜찮으신가요.."
2022-10-19 12:55:07,"S/CV","이모티콘"
2022-10-19 12:56:30,"./RecSys","추천은 전보다 하기 편해진 것 같아요.."
2022-10-19 12:57:19,"하용/NLP","아ㅜㅠ 이제 도메인별로 다르죠"
2022-10-19 12:57:27,"하용/NLP","전 뛰어내리고 싶네요"
2022-10-19 12:57:30,"하용/NLP","ㅋㅋㅋㅋ"
2022-10-19 12:57:37,"어피치/cv","cv도 전보다 낫습니다"
2022-10-19 12:58:43,"말하는감자/RecSys","추천은 지난주보다는 이번주가 편하네요 ㅋㅋ"
2022-10-19 13:00:58,"멋쩍은 튜브/CV","부덕이보다는..."
2022-10-19 13:01:08,"하용/NLP","헉… "
2022-10-19 13:01:11,"하용/NLP","전 부덕이가 그리운데"
2022-10-19 13:01:27,"하용/NLP","Nlp에서 저만 허덕이는걸까요… ㅋㅋㅋㅋㅋ"
2022-10-19 13:02:12,"수학잘하고파/RecSys","Nlp는 어렵군요.."
2022-10-19 13:02:20,"./RecSys","nlp는 어렵죠.."
2022-10-19 13:11:04,"./NLP","저도 부덕이가 그리워요"
2022-10-19 13:11:56,"까롱까롱마까롱","ㅋㅋ"
2022-10-19 13:13:58,"하용/NLP","ㅋㅋㅋㅋㅋㅋ"
2022-10-19 13:14:10,"하용/NLP","너무 고통스럽네유"
2022-10-19 13:17:06,"멋쟁이 프로도/CV","cv도 과제난이도 상당한디..ㅠ"
2022-10-19 13:22:31,"까롱까롱마까롱","씨갠~"
2022-10-19 13:24:32,"츄리닝안경 네오 / NLP","이번 과제 상당히 어렵네요 ㄷㄷ"
2022-10-19 13:30:10,"하용/NLP","전 손도 못대겠어요;;"
2022-10-19 13:56:54,"말하는감자/RecSys","으아"
2022-10-19 13:57:03,"말하는감자/RecSys","과제만큼 팀원 구하기도 힘드네요 ㅋㅋ"
2022-10-19 14:05:39,"수학잘하고파/RecSys","얘기많이 나눠보셨나요?"
2022-10-19 14:07:54,"하하/recsys","구하는 중..."
2022-10-19 14:15:00,"산산/recsys","부덕아.. 그립다.."
2022-10-19 15:29:16,"엄지척 어피치","팀 구하신 분들은 나머지 팀원 구하실 때 기술 스펙을 보시는지..하하"
2022-10-19 15:30:23,"./RecSys","사람마다 다를 것 같은데 얘기 나눠봤을 땐 사람이 잘 맞는지 보는 분들이 많았어요"
2022-10-19 15:34:56,"수학잘하고파/RecSys","네 말 잘통하는지가 중요한듯 여기계신분들 실력은 검증됬다고 생각해요"
2022-10-19 15:37:09,"애플펜슬/cv","난 실력 검증안됐는디"
2022-10-19 15:39:09,"말하는감자/RecSys","이야기 나눠보는데"
2022-10-19 15:39:19,"말하는감자/RecSys","다들 목적이 조금씩 다르다보니까"
2022-10-19 15:39:25,"말하는감자/RecSys","팀구하기가 어렵네요 ㅋㅋ"
2022-10-19 15:40:47,"산산/recsys","그러게욤"
2022-10-19 15:41:19,"산산/recsys","저는 구인하고 있어요"
2022-10-19 15:41:23,"산산/recsys","쉽지 않네요,,"
2022-10-19 15:42:06,"산산/recsys","저는 제 스택이 별로라서.. 방향성만 보고 있어요
프로젝트로 어떤 걸 얻고 싶으신 건지요!"
2022-10-19 15:43:31,"말하는감자/RecSys","저도 제 스택이 별로긴 하지만"
2022-10-19 15:43:46,"말하는감자/RecSys","부캠에서 열심히만 하면 된다고 생각해서"
2022-10-19 15:44:05,"말하는감자/RecSys","지금 현재 실력은 크게 중요하지 않다고 생각해요."
2022-10-19 15:44:13,"말하는감자/RecSys","(제가 잘 못해서 관대한거 맞음 ㅋㅋ) "
2022-10-19 15:47:29,"하하/recsys","이모티콘"
2022-10-19 15:51:07,"네카라쿠배/CV","(흑흑) 포기중..."
2022-10-19 15:51:13,"까롱까롱마까롱","don cry"
2022-10-19 15:53:20,"S/CV","ㅋㅋㅋㅋㅋ"
2022-10-19 16:00:26,"./RecSys","그냥 갈겨버린다는 마인드로 하세요"
2022-10-19 18:24:02,"ㅇㅇ/cv","여러 캠퍼 분들께 한번에 연락하시는 분 계신가요?"
2022-10-19 18:24:25,"ㅇㅇ/cv","여러 명한테 여쭤보고 싶은데 간보는 것 같아서ㅋㅋㅋ"
2022-10-19 18:24:38,"ㅇㅇ/cv","간 보는게 정상인가유"
2022-10-19 18:25:40,"./RecSys","전 아닌데 그렇게 하시는 분 뵌적있어요"
2022-10-19 18:25:44,"./RecSys","전 개인적으로 바람직하다고 생각했습니다"
2022-10-19 18:26:06,"./RecSys","시간도 없고 팀도 점점 꾸려지는데 많이 얘기하고 싶으면 그렇게 하는거죠"
2022-10-19 18:26:41,"말하는감자/RecSys","당연히 정상이죠"
2022-10-19 18:26:56,"말하는감자/RecSys","하루이틀 할것도 아니고 3달동안 같이 프로젝트 해야하는데"
2022-10-19 18:27:05,"말하는감자/RecSys","최대한 고르고 골라서 들어가야죠"
2022-10-19 18:33:47,"수학잘하고파/RecSys","네 사실 알아볼 시간이 많이 부족하다고 생각하는데 그렇게 하는게 맞는 것 같아요"
2022-10-19 18:38:21,"말하는감자/RecSys","프로젝트 주제도 고민이네요"
2022-10-19 18:38:29,"말하는감자/RecSys","데이터를 어디서 끌고와야하는지.."
2022-10-19 20:11:16,"하하/recsys","데이터가 문제입니다..."
2022-10-20 00:29:32,"하하/recsys","사진"
2022-10-20 00:29:35,"하하/recsys","아 ㅋㅋ"
2022-10-20 00:29:42,"하하/recsys","유튜브 추천 시스템 잘 작동하네"
2022-10-20 00:30:16,"말하는감자/RecSys"," 추천시스템은"
2022-10-20 00:30:17,"하하/recsys","요즘 공부 효율 안 나온다고 생각햇는데 소름 ㅋㅋㅋ"
2022-10-20 00:30:22,"말하는감자/RecSys","다 찾아봐도"
2022-10-20 00:30:38,"말하는감자/RecSys","딥러닝보다는 머신러닝을 많이 쓰는거같아서 좀 슬프네요"
2022-10-20 00:30:39,"말하는감자/RecSys","ㅠ"
2022-10-20 00:31:03,"하하/recsys","흑흑 어쩔수없져"
2022-10-20 00:31:25,"하하/recsys","이미지나 자연어는 딥러닝 무조건 써야하는데 추천은 그렇지가 않으니.."
2022-10-20 00:31:49,"말하는감자/RecSys","Level2때도 머신러닝이 성능이 좋지 않을까 싶어서...ㅋㅋ"
2022-10-20 00:32:04,"하하/recsys","CTR 대회 1등이 GBM이긴 했어요"
2022-10-20 00:32:11,"하하/recsys","AI RUSH ㅇㅇ"
2022-10-20 00:32:29,"하하/recsys","근데 그건 뭐 해봐야 아는거니까 ㅎㅎ"
2022-10-20 00:33:09,"하하/recsys","맞춰서 적응해야져 뭐..."
2022-10-20 00:33:11,"하하/recsys","흑"
2022-10-20 00:38:38,"말하는감자/RecSys","흑"
2022-10-20 00:40:58,"산산/recsys","이모티콘"
2022-10-20 00:42:19,"하하/recsys","이모티콘"
2022-10-20 00:44:22,"HelloWorld/Recsys","이모티콘"
2022-10-20 00:46:08,"말하는감자/RecSys","이모티콘"
2022-10-20 18:02:59,"하하/recsys","이모티콘"
2022-10-20 18:03:15,"./NLP","오늘 마스터클래스 장난없네요..."
2022-10-20 18:03:25,"하하/recsys","왜요?"
2022-10-20 18:03:31,"./NLP","너무 어려워요"
2022-10-20 18:03:40,"하하/recsys","아 강의를 하셨나요"
2022-10-20 18:32:59,"./RecSys","어떤 내용 알려주셨나요?"
2022-10-20 18:33:15,"멋쟁이 프로도/CV","역시 주재걸 교수님..."
2022-10-20 18:33:19,"산산/recsys","ㅎㄷㄷ"
2022-10-20 18:34:17,"산산/recsys","마클 하는 거 vod 는 해당 트랙 아니면 접근할 수 없죠??"
2022-10-20 18:40:32,"./RecSys","그냥 열면 열릴걸요"
2022-10-20 18:58:33,"불태움/NLP","불태움/NLP님이 들어왔습니다."
2022-10-20 19:07:57,"산산/recsys","어 그러네요
감사하빈다"
2022-10-20 21:00:06,"멋쩍은 튜브/CV","NLP는 상당히 실습이 많네요"
2022-10-20 22:01:19,"멋쟁이 프로도/CV","실습 많은게 좋지않나요"
2022-10-20 22:01:19,"멋쟁이 프로도/CV","ㅋㅋ"
2022-10-21 14:26:19,"초롱초롱 튜브/recsys","초롱초롱 튜브/recsys님이 나갔습니다."
2022-10-23 19:48:29,"멋쟁이 프로도/CV","취업지원제도 신청해보신분 계실까요?"
2022-10-23 19:49:55,"츄리닝안경 네오 / NLP","저 했습니다"
2022-10-23 19:50:39,"멋쟁이 프로도/CV","혹시 유형 1로 하셨나요?"
2022-10-23 19:50:51,"츄리닝안경 네오 / NLP","유형 2로 했습니다!"
2022-10-23 19:51:26,"멋쟁이 프로도/CV","아하 유형1로 하려니 서류작업같은것들이 생각보다 되게 많아서..ㅋㅋ"
2022-10-23 19:51:54,"츄리닝안경 네오 / NLP","신청할때는 유형 1로 하긴했는데"
2022-10-23 19:52:17,"츄리닝안경 네오 / NLP","해당이 안되서 유형 2로 바뀌긴했습니다"
2022-10-23 19:52:25,"멋쟁이 프로도/CV","아하 그렇군요 감사합니다 "
2022-10-23 19:52:45,"츄리닝안경 네오 / NLP","참고로 유형 1 심사가 거의 4주 넘게 걸렸습니다..."
2022-10-23 19:55:30,"멋쟁이 프로도/CV","허ㅓㅎ.. 그렇군요 감사합니다"
2022-10-23 19:55:43,"멋쟁이 프로도/CV","2는 얼마나 걸리셧나요?"
2022-10-23 19:56:31,"츄리닝안경 네오 / NLP","심사끝나면 바로 유형 1 아니면 2로 결정됩니다!"
2022-10-23 19:57:54,"./RecSys","1유형으로 신청해서 1이 해당안되면 2로 자동으로 넘어간대요"
2022-10-23 19:58:17,"./RecSys","최근에 심사 오래걸린 이유는 시스템을 바꾸느라 그랬다네요"
2022-10-23 20:05:24,"멋쟁이 프로도/CV","그렇군요"
2022-10-23 20:05:26,"멋쟁이 프로도/CV","감사합니다!!"
2022-10-23 21:42:35,"수학잘하고파/RecSys","주말 잘 쉬셨나요"
2022-10-23 21:42:47,"S/CV","너무 잘쉬어서 문제네요"
2022-10-23 21:42:57,"수학잘하고파/RecSys","내일부터 pstage인데 긴장되네용"
2022-10-23 22:01:52,"하하/recsys","헉"
2022-10-23 22:02:06,"하하/recsys","생각해보니 피스테이지 시작이군요..."
2022-10-23 22:52:04,"네카라쿠배/CV","에휴! 빡세네요"
2022-10-24 00:14:58,"산산/recsys","에고"
2022-10-24 00:19:11,"멋쟁이 프로도/CV","4주만에 주말 처음 쉬었는데 시간이 왤케 빨리 가는거죠...ㅜ"
2022-10-24 19:31:39,"응원하는 튜브/nlp","CV분들 중 오프라인가신분들 공지는 어디서 봤나요?"
2022-10-24 19:33:14,"말하는감자/RecSys","오늘 오프라인행사 있었나요?"
2022-10-24 19:33:38,"말하는감자/RecSys","아 CV는 오늘이었군요"
2022-10-24 19:33:51,"말하는감자/RecSys","https://www.boostcourse.org/boostcampaitech4/notice/31979"
2022-10-24 19:41:56,"응원하는 튜브/nlp","아 따로 신청한 사람들 중에 된 분들이나 자리배치같은 공지는 따로 없나요?!"
2022-10-24 21:57:25,"어피치/cv","운영진님이 전날에 슬랙에 방 만들어주십니다~"
2022-10-25 18:41:40,"쑥스럽게 인사하는 프로도/CV","쑥스럽게 인사하는 프로도/CV님이 들어왔습니다."
2022-10-26 15:56:45,"치맥하는 제이지/cv","삭제된 메시지입니다."
2022-10-26 15:56:45,"치맥하는 제이지/cv","삭제된 메시지입니다."
2022-10-26 15:56:45,"치맥하는 제이지/cv","삭제된 메시지입니다."
2022-10-26 15:56:45,"치맥하는 제이지/cv","삭제된 메시지입니다."
2022-10-26 15:56:47,"치맥하는 제이지/cv","삭제된 메시지입니다."
2022-10-26 15:56:48,"치맥하는 제이지/cv","삭제된 메시지입니다."
2022-10-26 15:56:48,"치맥하는 제이지/cv","삭제된 메시지입니다."
2022-10-26 15:56:49,"치맥하는 제이지/cv","삭제된 메시지입니다."
2022-10-26 15:56:49,"치맥하는 제이지/cv","삭제된 메시지입니다."
2022-10-26 15:56:49,"치맥하는 제이지/cv","삭제된 메시지입니다."
2022-10-26 15:57:08,"트롤킹/CV","부덕?"
2022-10-26 15:57:42,"치맥하는 제이지/cv","휴대폰이 젖어서"
2022-10-26 15:57:49,"치맥하는 제이지/cv","막눌렸나봐요 ㅠㅠ"
2022-10-26 15:57:52,"치맥하는 제이지/cv","이모티콘"
2022-10-26 16:01:46,"S/CV","이모티콘"
2022-10-26 16:05:34,"엄/CV","엄/CV님이 나갔습니다."
2022-10-26 19:47:20,"부덕부덕/CV","부덕부덕/CV님이 들어왔습니다."
2022-10-26 19:55:17,"부덕부덕/CV","안녕하세용"
2022-10-26 19:55:34,"하하/recsys","안녕하세요 ㅎㅎ"
2022-10-26 19:56:28,"엄지척 프로도/CV","안녕하세요!"
2022-10-26 20:03:24,"기뻐하는 라이언/cv","다들 할만하신가요?"
2022-10-26 20:03:34,"기뻐하는 라이언/cv","저희팀은 저빼고 다 잘해서,,"
2022-10-26 20:05:08,"S/CV","저도.."
2022-10-26 20:13:22,"멋쟁이 프로도/CV","저희팀도 저빼고 잘하시는.."
2022-10-26 20:15:48,"파이팅하는 무지/cv","저도..."
2022-10-26 20:17:02,"산산/recsys","이모티콘"
2022-10-26 20:29:30,"하하/recsys","이모티콘"
2022-10-27 15:38:43,"빈털터리 제이지/recsys","빈털터리 제이지/recsys님이 나갔습니다."
2022-10-27 19:16:05,"수학잘하고파/RecSys","다들 잘 하시고 계신가요"
2022-10-27 19:16:22,"수학잘하고파/RecSys","끝나면 많이 늘거같긴한데 이 과정이 고통스럽네요 ㅋㅋㅋ"
2022-10-27 19:20:32,"부덕부덕/CV","이모티콘"
2022-10-27 19:21:09,"ㅇㅇ/cv","제가 새로짜지않고 베이스코드를 그대로 사용하는것에"
2022-10-27 19:21:12,"ㅇㅇ/cv","죄책감이있었는데"
2022-10-27 19:21:38,"ㅇㅇ/cv","오히려 베이스코드를 이용해 더 다양한 실험을 해보라는 말씀이 하시네요"
2022-10-27 19:22:02,"ㅇㅇ/cv","그런데 다들 베이스코드는 완벽하게 이해하시고 사용하시나요?"
2022-10-27 19:22:41,"파이팅하는 무지/cv","전 간단하게 분석해봤습니다"
2022-10-27 19:27:23,"수학잘하고파/RecSys","저희 트랙은 베이스코드가 정말 상세해서 사실 이해하는 것도 벅찼습니다 ㅋㅋ"
2022-10-27 19:27:23,"애플펜슬/cv","베이스코드 원래 한줄 짜리도 다 함수로 구현하나요"
2022-10-27 19:27:46,"애플펜슬/cv","함수 너무 여러개 만든 느낌이라 킹받네요"
2022-10-27 19:30:00,"산산/recsys","ipynb 만 보다가"
2022-10-27 19:30:00,"./RecSys","함수명으로 이해하는게 더 직관적이면 그렇게 하기도 해요"
2022-10-27 19:30:06,"산산/recsys","스크립트로 다 나뉜 거 보니까"
2022-10-27 19:30:08,"산산/recsys","어질어질하네요 ㅎㅎ"
2022-10-27 19:30:21,"수학잘하고파/RecSys","오늘 오피스아워에서 친해져야한다는 식으로 말씀하셔서"
2022-10-27 19:30:28,"수학잘하고파/RecSys","많이 어색하긴 한데 적응해봐야죠"
2022-10-27 19:30:43,"산산/recsys","이모티콘"
2022-10-27 19:30:48,"수학잘하고파/RecSys","다들 7시에 퇴실체크하고 또 공부하시나요"
2022-10-27 19:30:52,"수학잘하고파/RecSys","이제 기운이 없네요 ㅋㅋ"
2022-10-27 19:32:16,"산산/recsys","전 밥먼저 먹으려구여.."
2022-10-27 19:32:24,"산산/recsys","내일뵙겠네요 여러분 ㅋㅋㅋ"
2022-10-27 19:33:13,"./RecSys","7시 전까지 빡세게 안해서.."
2022-10-27 19:33:16,"./RecSys","7시 이후로도 계속 해요"
2022-10-27 19:36:14,"수학잘하고파/RecSys","차라리 취업하면 퇴근하면 끝이라 편할듯요 ㅋㅋ"
2022-10-27 19:36:20,"수학잘하고파/RecSys","막상 하면 또 다르겠지만"
2022-10-27 19:39:04,"말하는감자/RecSys","저는 공부합니다"
2022-10-27 19:39:05,"말하는감자/RecSys","ㅋㅋㅋ"
2022-10-27 19:52:34,"S/CV","일할때는 퇴근하면 손놓고 하고싶은거했는데 이거는 계속 연장이라 더힘드네요"
2022-10-27 20:11:33,"네카라쿠배/CV","퇴근하고 공부하지 않는 사람은 개발자가 아닙니다. 오래 못가요."
2022-10-27 20:11:54,"S/CV","헉"
2022-10-27 20:12:30,"산산/recsys","이모티콘"
2022-10-27 20:13:04,"말하는감자/RecSys","이거는 미래의 제가 고민할 내용이라... ㅋㅋㅋㅋ"
2022-10-27 20:13:51,"네카라쿠배/CV","만일 취업해서 이게 안 맞는다고 느껴지면 다른 능력을 키우셔야 합니다."
2022-10-27 20:15:18,"수학잘하고파/RecSys","ㅋㅋㅋㅋㅋ 무섭네요"
2022-10-27 20:16:42,"네카라쿠배/CV","이게 잘못된건 아닌데, 본인의 성향을 모르고 마지못해 개발하면 인생이 힘들죠"
2022-10-27 20:17:23,"S/CV","이모티콘"
2022-10-27 20:17:28,"산산/recsys","그것도 글쵸"
2022-10-27 20:17:46,"V / CV","장비업계로 가시면 계속 공부 안하셔도 됩니다.."
2022-10-27 20:17:59,"네카라쿠배/CV","개발자를 꼭 해야만 연봉이 높은것도 아니에요 세상에 길은 많습니다"
2022-10-27 20:18:15,"산산/recsys","이모티콘"
2022-10-27 20:28:32,"S/CV","개발자 꿈나무들에게 왜,,"
2022-10-27 20:30:16,"하하/recsys","ㅠㅠ"
2022-10-27 20:30:36,"네카라쿠배/CV","꿈나무를 응원합니다(굿)"
2022-10-28 08:42:16,"부덕부덕/CV","다들 요즘 고민 없으신가요.."
2022-10-28 08:43:44,".recsys","어떤 고민이요?"
2022-10-28 08:48:53,"부덕부덕/CV","부캠하면서 잘 하고 있는건지부터 해서"
2022-10-28 08:49:04,"부덕부덕/CV","그냥 부캠 관련해서요 "
2022-10-28 08:52:41,"./RecSys","부캠을 선택한 것에 대해 말씀이신가요?"
2022-10-28 08:53:11,"수학잘하고파/RecSys","이 과정 잘 끝내면 취업잘될까"
2022-10-28 08:53:22,"수학잘하고파/RecSys","잘 끝낼수있을까"
2022-10-28 08:53:29,"수학잘하고파/RecSys","이런고민이 있습니다 ㅋㅋ"
2022-10-28 08:53:41,"./RecSys","저도 그런 생각은 요즘에 많이 드네요ㅋㅋㅋ"
2022-10-28 08:53:44,".recsys","프로젝트 시작하니까 정신 머리가 없어요
뭘해야할지 감도 안 잡히고
그래도 멋모르고 박는 시간이 있어야 더 이 분야에 적응 될 거 같아서 종일 코드만 뜯어보고있습니다"
2022-10-28 08:54:19,"수학잘하고파/RecSys","가끔씩 방향성이 맞는지 시간소비만하는건아닌지"
2022-10-28 08:54:31,"수학잘하고파/RecSys","생각이 들기도하죠"
2022-10-28 08:56:06,".recsys","여태 프로젝트를 한 번도 해본 적이 없는데 경험 쌓는 건 좋은 것 같아요. 실전에서는 베이스라인 코드도 다 직접 써야할테니 훨씬 어렵겠지만"
2022-10-28 08:57:02,"수학잘하고파/RecSys","맞아요 저희 트랙 베이스라인 코드 처다만봐도 공부가 잘됩니다 ㅋㅋ"
2022-10-28 09:07:48,"산산/recsys","ㅇㅈㅇㅈ"
2022-10-30 01:32:41,"산산/recsys","이태원 가신 분 없으시죠...ㅜㅜ
안타까운 사고가 났었나봐요.."
2022-10-30 01:33:58,"부끄러운 어피치/CV","진짜 무슨 이런일이 있나요…"
2022-10-30 01:34:08,"부끄러운 어피치/CV","엄청 심각한거같은데 ㅠ"
2022-10-30 01:34:35,"산산/recsys","압사 사고라고 들었는데 사람이 너무 많아서 그런가봐요.."
2022-10-30 01:35:25,"부끄러운 어피치/CV","그니까요 와 정말..ㅠㅠㅠ"
2022-10-30 01:35:44,"부끄러운 어피치/CV","다들 아무일 없었으면 좋겠어요 .."
2022-10-30 01:36:23,"수학잘하고파/RecSys","여기계신분들 모두 건강하셨으면 좋겠습니다"
2022-10-30 01:37:35,"말하는감자/RecSys","참..."
2022-10-30 01:37:54,"말하는감자/RecSys","본의아니게 단톡에 올라온 사진 본 이후로 집중이 안되네요"
2022-10-30 01:38:27,"부끄러운 어피치/CV","제발 ㅠㅠㅠ 하 ㅠ"
2022-10-30 01:40:29,"산산/recsys","인터넷 찾아보니까 안타까움을 넘어서 무섭네요.."
2022-11-02 10:44:32,"부덕부덕/CV","부캠에서 살아남기 질문 다들 쓰셨나여"
2022-11-02 10:54:05,"말하는감자/RecSys","말하는감자/RecSys님이 나갔습니다."
2022-11-02 15:57:38,"초보 / nlp","저 혹시 훈련장려금 들어오신분 계신가요?"
2022-11-02 16:41:16,"쉬어가는 라이언/cv","쉬어가는 라이언/cv님이 나갔습니다."
2022-11-02 16:52:57,"하하/recsys","아직 안 들어왔나봐요"
2022-11-05 10:48:19,"초보 / nlp","초보 / nlp님이 나갔습니다."
2022-11-05 10:50:03,"초보 / nlp","초보 / nlp님이 들어왔습니다."
2022-11-05 10:53:16,"초보 / nlp","안녕하세요 혹시 recsys듣는 학생 중 이번 주말에만 서로 바꿔서 강의들으실분 계신가요?ㅠ"
2022-11-05 10:58:05,"초보 / nlp","https://open.kakao.com/o/sAGDv2Le 관심있으신분 연락주세요 😭 "
2022-11-05 12:39:40,"산산/recsys","강의 바꿔서"
2022-11-05 12:39:50,"산산/recsys","아아"
2022-11-05 13:45:12,"멋쟁이 프로도/CV","다른 파트도 수강해두시지ㅋㅋ"
2022-11-05 13:45:19,"멋쟁이 프로도/CV","다중창 되서 하루에 전부 들어두는거 되요"
2022-11-06 12:40:18,"부덕부덕/CV","CV 수료생 분 만날 일이 있는데 궁금한 거 있으신 분 계신가요?"
2022-11-06 12:41:34,"멋쩍은 튜브/CV","실제 현업에서 하고 계시는부분과"
2022-11-06 12:41:56,"멋쩍은 튜브/CV","부캠에서 집중해서 학습하면 도움될 내용이요 "
2022-11-06 12:42:09,"멋쩍은 튜브/CV","(뽀뽀)(뽀뽀)(뽀뽀)"
2022-11-06 12:42:17,"./RecSys","최종 프로젝트 때 프론트 같은 부분은 어떻게 하셨는지 궁금합니다!"
2022-11-06 12:42:28,"잉","cv만 하시는지 다른 분야도 골고루 하게되는지

부캠 남은 기간동안 부캠활동에 집중하는게 좋을지 다른 것도 병행하는게 좋은지

궁금합니다!"
2022-11-06 13:30:46,"네카라쿠배/CV","실제 현업가면 cv,nlp,recsys구분해서 학습하는게 의미있는지 궁금하네요."
2022-11-06 16:00:11,"방장/CV","멘토, 마스터 등에게 물어보는게 의미 있지 않을까요 ㅎㅎ"
2022-11-06 16:04:27,"네카라쿠배/CV","답정너인데 운영진이 싫어할듯"
2022-11-06 16:14:54,"멋쩍은 튜브/CV","멘토시대의 신입 ML엔지니어와
요즘 ML엔지니어의 기대역할이 조금 차이가 나는거 같기도 해요ㅠ"
2022-11-06 16:22:24,"./RecSys","왜 답정너라고 생각하시는지 여쭤봐도 될까요?"
2022-11-06 17:59:48,"산산/recsys","연구할 거 아니면 다 알아야 할 거 같긴 해요"
2022-11-06 17:59:59,"산산/recsys","아 오히려 연구하면 다 알아야 하나"
2022-11-06 18:06:28,"멋쟁이 프로도/CV","인공지능 부서에서도 전문분야에 따라 다 나뉘어집니다"
2022-11-06 18:07:05,"멋쟁이 프로도/CV","물론 대기업기준.."
2022-11-06 18:19:34,"부끄러운 어피치/CV","wrapup report 아직 안쓰신분.."
2022-11-06 18:20:18,"부덕부덕/CV","다들 취업 목적으로 들어오셨나요.."
2022-11-06 18:21:49,"하하/recsys","취업 목적이긴 한데"
2022-11-06 18:21:56,"S/CV","저여"
2022-11-06 18:22:09,"하하/recsys","대학원 가는 것도 조금씩 마음이 열리네요(?)"
2022-11-06 18:24:56,"애플펜슬/cv","돈 언제 들어오지"
2022-11-06 18:26:15,"네카라쿠배/CV","운영진이 싫어합니다."
2022-11-06 18:28:26,"하하/recsys","마스터 분이 마스터 클래스할 때 조금 마음의 문이 열렸음 ㅋㅋㅋ"
2022-11-06 18:52:15,"산산/recsys","랩업리포트 진짜 쓰기 어렵네요"
2022-11-06 18:52:31,"산산/recsys","주말에도 팀원들이랑 회의해야 하는,, ㅠㅠ"
2022-11-06 18:52:44,"산산/recsys","이모티콘"
2022-11-06 18:52:50,"하하/recsys","산산님은 누구실까"
2022-11-06 18:52:52,"하하/recsys","궁금"
2022-11-06 18:52:57,"하하/recsys","ㅎㅎ"
2022-11-06 18:53:08,"산산/recsys","이모티콘"
2022-11-06 18:53:15,"부끄러운 어피치/CV","ㅋㅋㅋ"
2022-11-06 18:53:21,"부끄러운 어피치/CV","팀원들이 쓰고있는지를 모르겠는,,"
2022-11-06 18:53:49,"하하/recsys","하하"
2022-11-06 18:53:52,"하하/recsys","언제 다 쓰지"
2022-11-06 18:53:55,"부끄러운 어피치/CV","근데 이거"
2022-11-06 18:53:59,"부끄러운 어피치/CV","2-3장 쓰라는거 아닌가요"
2022-11-06 18:54:08,"부끄러운 어피치/CV","다들 몇장쓰고계세요 ???"
2022-11-06 18:54:17,"산산/recsys","part1이 2-3장이고 개인은 1장 정도일거예요"
2022-11-06 18:54:26,"부끄러운 어피치/CV","그럼 총 8장정도인거져??"
2022-11-06 18:54:30,"산산/recsys","네네 저는 글케알고있어요"
2022-11-06 18:54:40,"부끄러운 어피치/CV","굉장히"
2022-11-06 18:54:43,"부끄러운 어피치/CV","압축해서 써야할거같은.."
2022-11-06 18:55:11,"산산/recsys","ㅋㅋㅋㅋ 그쵸,,
저희는 최종 제출만 정리해서 part1에 쓰고 실패한 실험 같은 건 다 개인으로 넘겼어요"
2022-11-06 19:01:56,"하하/recsys","이미지 제외해서 8장이라서"
2022-11-06 19:02:13,"하하/recsys","이미지가 포함됐으면 8장 조금 넘겨도 될 것 같아요"
2022-11-06 19:10:40,"산산/recsys","이모티콘"
2022-11-08 18:20:30,"HelloWorld/Recsys","앗"
2022-11-08 18:20:44,"수학잘하고파/RecSys","ㅋㅋㅋㅋ 무섭습니다"
2022-11-08 18:20:51,"HelloWorld/Recsys","X맨 찾아냅시다!"
2022-11-08 18:21:09,"제이지/nlp","제이지/nlp님이 들어왔습니다."
2022-11-08 18:21:18,"니나💁🏻‍♀️/CV","니나💁🏻‍♀️/CV님이 들어왔습니다."
2022-11-08 18:22:33,"불금 네오","불금 네오님이 들어왔습니다."
2022-11-08 18:25:09,"추천그게뭔데../RecSys","추천그게뭔데../RecSys님이 들어왔습니다."
2022-11-08 18:25:13,"불금 네오","불금 네오님이 나갔습니다."
2022-11-08 18:26:11,"인사하는 프로도/NLP","인사하는 프로도/NLP님이 들어왔습니다."
2022-11-08 18:28:25,"추천그게뭔데../RecSys","오늘 부캠에서 살아남기 보고 옵챗잇는거 첨알았어요…"
2022-11-08 18:29:44,"산산/recsys","이모티콘"
2022-11-08 18:31:56,"네카라쿠배/CV","아이고 선배님!"
2022-11-08 18:32:50,"네카라쿠배/CV","제 질문은 스킵하시고..."
2022-11-08 18:33:22,"HelloWorld/Recsys","mafia.append('부덕부덕/CV')"
2022-11-08 18:35:33,"니나💁🏻‍♀️/CV","저두요..."
2022-11-08 18:55:37,"./NLP","./NLP님이 들어왔습니다."
2022-11-08 19:06:20,"부덕부덕/CV","삭제된 메시지입니다."
2022-11-08 19:06:34,"부덕부덕/CV","이모티콘"
2022-11-08 19:07:50,"부덕부덕/CV","자기 분야에 맞게 보통 들어가기 때문에 일반적으로는 그렇게 까지 다른 task를 경험하지 않는 것 같은데 간혹 경험하기 때문에 알면 좋을 것 같아요"
2022-11-08 19:08:14,"부덕부덕/CV","그리고 3기에서 계셨던 멘토님도 cv, nlp, recsys가 결국에는 통합될거라고 하셨기도 했었습니다..ㅎ"
2022-11-08 19:08:43,".recsys","허억 삼국통일.."
2022-11-08 19:08:58,"하하/recsys","전국통일...!"
2022-11-08 19:12:15,"부덕부덕/CV","이모티콘"
2022-11-08 19:15:08,"하하/recsys","멋져요...!"
2022-11-08 19:16:30,"부덕부덕/CV","감사합니다..!"
